scorer,DLC_resnet50_pregius_jump_kinematics_summer2025Jul18shuffle1_500000,DLC_resnet50_pregius_jump_kinematics_summer2025Jul18shuffle1_500000,DLC_resnet50_pregius_jump_kinematics_summer2025Jul18shuffle1_500000,DLC_resnet50_pregius_jump_kinematics_summer2025Jul18shuffle1_500000,DLC_resnet50_pregius_jump_kinematics_summer2025Jul18shuffle1_500000,DLC_resnet50_pregius_jump_kinematics_summer2025Jul18shuffle1_500000,DLC_resnet50_pregius_jump_kinematics_summer2025Jul18shuffle1_500000,DLC_resnet50_pregius_jump_kinematics_summer2025Jul18shuffle1_500000,DLC_resnet50_pregius_jump_kinematics_summer2025Jul18shuffle1_500000,DLC_resnet50_pregius_jump_kinematics_summer2025Jul18shuffle1_500000,DLC_resnet50_pregius_jump_kinematics_summer2025Jul18shuffle1_500000,DLC_resnet50_pregius_jump_kinematics_summer2025Jul18shuffle1_500000,DLC_resnet50_pregius_jump_kinematics_summer2025Jul18shuffle1_500000,DLC_resnet50_pregius_jump_kinematics_summer2025Jul18shuffle1_500000,DLC_resnet50_pregius_jump_kinematics_summer2025Jul18shuffle1_500000,DLC_resnet50_pregius_jump_kinematics_summer2025Jul18shuffle1_500000,DLC_resnet50_pregius_jump_kinematics_summer2025Jul18shuffle1_500000,DLC_resnet50_pregius_jump_kinematics_summer2025Jul18shuffle1_500000,DLC_resnet50_pregius_jump_kinematics_summer2025Jul18shuffle1_500000,DLC_resnet50_pregius_jump_kinematics_summer2025Jul18shuffle1_500000,DLC_resnet50_pregius_jump_kinematics_summer2025Jul18shuffle1_500000,DLC_resnet50_pregius_jump_kinematics_summer2025Jul18shuffle1_500000,DLC_resnet50_pregius_jump_kinematics_summer2025Jul18shuffle1_500000,DLC_resnet50_pregius_jump_kinematics_summer2025Jul18shuffle1_500000,DLC_resnet50_pregius_jump_kinematics_summer2025Jul18shuffle1_500000,DLC_resnet50_pregius_jump_kinematics_summer2025Jul18shuffle1_500000,DLC_resnet50_pregius_jump_kinematics_summer2025Jul18shuffle1_500000,DLC_resnet50_pregius_jump_kinematics_summer2025Jul18shuffle1_500000,DLC_resnet50_pregius_jump_kinematics_summer2025Jul18shuffle1_500000,DLC_resnet50_pregius_jump_kinematics_summer2025Jul18shuffle1_500000,DLC_resnet50_pregius_jump_kinematics_summer2025Jul18shuffle1_500000,DLC_resnet50_pregius_jump_kinematics_summer2025Jul18shuffle1_500000,DLC_resnet50_pregius_jump_kinematics_summer2025Jul18shuffle1_500000
bodyparts,head,head,head,com,com,com,tail,tail,tail,leg3a,leg3a,leg3a,leg3b,leg3b,leg3b,leg3c,leg3c,leg3c,leg3d,leg3d,leg3d,leg4a,leg4a,leg4a,leg4b,leg4b,leg4b,leg4c,leg4c,leg4c,leg4d,leg4d,leg4d
coords,x,y,likelihood,x,y,likelihood,x,y,likelihood,x,y,likelihood,x,y,likelihood,x,y,likelihood,x,y,likelihood,x,y,likelihood,x,y,likelihood,x,y,likelihood,x,y,likelihood
0,273.49774169921875,145.71949768066406,0.9984554052352905,222.9390411376953,149.9126434326172,0.9935682415962219,155.4479522705078,160.34158325195312,0.9976413249969482,235.52023315429688,155.27427673339844,0.28297799825668335,233.10305786132812,146.19981384277344,0.0335305817425251,254.68740844726562,156.44927978515625,0.13854552805423737,266.3822937011719,164.59005737304688,0.9497957229614258,223.3874053955078,158.297119140625,0.17531931400299072,210.90431213378906,137.1494598388672,0.0640745609998703,160.24107360839844,158.4858856201172,0.0061120749451220036,157.78663635253906,164.4099884033203,0.003610329469665885
1,273.46917724609375,145.7542266845703,0.9984921216964722,222.82766723632812,149.96820068359375,0.9938382506370544,155.48153686523438,160.32550048828125,0.9979487061500549,235.4991455078125,155.29348754882812,0.3030223250389099,233.0687255859375,146.14456176757812,0.03153353929519653,254.69078063964844,156.4621124267578,0.13967230916023254,266.4040832519531,164.62611389160156,0.9492377042770386,223.39422607421875,158.30380249023438,0.16310004889965057,210.95933532714844,137.1000518798828,0.06383643299341202,160.30645751953125,158.4615478515625,0.006451732944697142,157.88003540039062,164.3852081298828,0.003607042832300067
2,273.42877197265625,145.8236083984375,0.9985015392303467,222.98178100585938,149.9653778076172,0.9936328530311584,155.40538024902344,160.41433715820312,0.9978891015052795,235.488037109375,155.2735595703125,0.2913113534450531,233.03488159179688,146.2318878173828,0.03199664130806923,254.69595336914062,156.5558319091797,0.1327030509710312,266.47064208984375,164.7115936279297,0.9494353532791138,223.5224151611328,158.29542541503906,0.16033419966697693,210.98760986328125,137.30897521972656,0.06561017036437988,160.3335418701172,158.5088653564453,0.005405161529779434,157.91622924804688,164.44403076171875,0.0032853116281330585
3,273.4515686035156,145.82688903808594,0.998618483543396,222.99118041992188,149.88766479492188,0.9938854575157166,155.36163330078125,160.48106384277344,0.9979378581047058,235.55291748046875,155.2173309326172,0.2923097312450409,233.16836547851562,146.19888305664062,0.03393274173140526,254.87380981445312,156.52676391601562,0.14827848970890045,266.5361022949219,164.77389526367188,0.9536130428314209,223.46261596679688,158.31361389160156,0.16828684508800507,210.9900665283203,137.28060913085938,0.0691867396235466,160.30364990234375,158.57522583007812,0.00556440744549036,157.8350830078125,164.45713806152344,0.0036246341187506914
4,273.42437744140625,145.81307983398438,0.9984478950500488,222.8568878173828,149.8809356689453,0.994155764579773,155.36976623535156,160.50213623046875,0.9981564879417419,235.4656219482422,155.2719268798828,0.3046148419380188,233.01634216308594,146.1873321533203,0.03215606510639191,254.67330932617188,156.58084106445312,0.12780258059501648,266.51849365234375,164.78211975097656,0.945838451385498,223.28488159179688,158.3489990234375,0.19073188304901123,210.75718688964844,137.290283203125,0.07401620596647263,160.35845947265625,158.60426330566406,0.005911951418966055,157.91456604003906,164.44102478027344,0.0037016302812844515
5,273.48101806640625,145.83047485351562,0.9986395239830017,222.94805908203125,149.8324432373047,0.9939795732498169,155.37513732910156,160.55259704589844,0.998062789440155,235.55360412597656,155.16566467285156,0.30194124579429626,233.06407165527344,146.0855712890625,0.03127820044755936,254.6703643798828,156.529296875,0.11989399790763855,266.59027099609375,164.7190399169922,0.9407959580421448,223.32395935058594,158.28424072265625,0.19224947690963745,210.79904174804688,137.2745819091797,0.08148709684610367,160.32020568847656,158.6168212890625,0.006261381320655346,157.85958862304688,164.4496612548828,0.0037733905483037233
6,273.4650573730469,145.88226318359375,0.9985471367835999,222.95640563964844,149.701904296875,0.9937649965286255,155.32643127441406,160.62083435058594,0.997954249382019,235.55734252929688,155.2672119140625,0.30623579025268555,233.144775390625,145.9734649658203,0.036312591284513474,254.79647827148438,156.5541534423828,0.1269577145576477,266.610595703125,164.8179168701172,0.9403843283653259,223.20481872558594,158.35545349121094,0.19567148387432098,210.71534729003906,137.32826232910156,0.07582569122314453,160.28482055664062,158.6082763671875,0.005936646368354559,157.8486328125,164.5236358642578,0.00350903975777328
7,273.3855285644531,145.91981506347656,0.9985328912734985,222.929443359375,149.7484130859375,0.9938050508499146,155.39886474609375,160.60194396972656,0.9981404542922974,235.5864715576172,155.152099609375,0.33878669142723083,233.03829956054688,145.91781616210938,0.03955259919166565,254.67477416992188,156.5677490234375,0.14128385484218597,266.6822814941406,164.87020874023438,0.9440777897834778,223.18951416015625,158.38551330566406,0.20910757780075073,210.6011962890625,137.259765625,0.10000570118427277,160.305419921875,158.59715270996094,0.005951700732111931,157.89462280273438,164.48446655273438,0.0035523963160812855
8,273.4461975097656,145.9171600341797,0.9986311793327332,223.06048583984375,149.63099670410156,0.9931851029396057,155.29119873046875,160.744384765625,0.9980450868606567,235.6082305908203,155.12957763671875,0.31219521164894104,233.0915069580078,145.80633544921875,0.03482533246278763,254.61436462402344,156.53384399414062,0.10641028732061386,266.4921569824219,164.83038330078125,0.9312636852264404,223.16697692871094,158.37562561035156,0.20109933614730835,210.71006774902344,137.31735229492188,0.08118059486150742,160.18679809570312,158.6367950439453,0.00516740744933486,157.8294219970703,164.608154296875,0.0031784381717443466
9,273.32843017578125,145.88934326171875,0.998417854309082,222.99423217773438,149.62356567382812,0.9931278228759766,155.32785034179688,160.7135009765625,0.9980884194374084,235.6437530517578,155.12164306640625,0.32427871227264404,233.16867065429688,145.78677368164062,0.03643473610281944,254.7612762451172,156.4994354248047,0.12430225312709808,266.65020751953125,164.88206481933594,0.937188446521759,223.1881561279297,158.38449096679688,0.1944199651479721,210.64373779296875,137.3321533203125,0.088723324239254,160.2017822265625,158.69400024414062,0.005843921098858118,157.78952026367188,164.5521697998047,0.003693289589136839
10,273.2868347167969,145.8462371826172,0.9985174536705017,223.0332794189453,149.67799377441406,0.9931675791740417,155.32579040527344,160.745849609375,0.9979931116104126,235.6239471435547,155.17086791992188,0.3450251817703247,233.14356994628906,145.83642578125,0.03757510706782341,254.7445526123047,156.5019989013672,0.12419802695512772,266.558837890625,164.89105224609375,0.9353413581848145,223.17372131347656,158.4533233642578,0.1931726187467575,210.64170837402344,137.2539825439453,0.08618001639842987,160.2190704345703,158.57130432128906,0.005669045262038708,157.81973266601562,164.58563232421875,0.003452663542702794
11,273.2401123046875,145.87460327148438,0.9984655380249023,223.08213806152344,149.58843994140625,0.9928251504898071,155.33499145507812,160.70150756835938,0.9979156851768494,235.67152404785156,155.09078979492188,0.331912100315094,233.12086486816406,145.82040405273438,0.031962521374225616,254.6641082763672,156.51914978027344,0.10984359681606293,266.53692626953125,164.88397216796875,0.9300047755241394,223.23330688476562,158.3597869873047,0.19928409159183502,210.68556213378906,137.3553466796875,0.08852481842041016,160.15382385253906,158.57008361816406,0.005666828248649836,157.80224609375,164.56649780273438,0.0032850259449332952
12,273.17486572265625,145.81983947753906,0.9982225298881531,223.05577087402344,149.63470458984375,0.993536651134491,155.19168090820312,160.7337646484375,0.9979789853096008,235.54624938964844,155.19546508789062,0.36392322182655334,233.08946228027344,145.78248596191406,0.03588040918111801,249.67922973632812,158.7120819091797,0.11843717098236084,266.4672546386719,164.87359619140625,0.9213719367980957,223.10118103027344,158.44570922851562,0.24598921835422516,210.46563720703125,137.27145385742188,0.09432149678468704,160.2860870361328,158.62185668945312,0.00599337462335825,157.77334594726562,164.52029418945312,0.003922089468687773
13,273.07305908203125,145.81800842285156,0.9981081485748291,223.0473175048828,149.5513916015625,0.9932990074157715,155.28387451171875,160.87342834472656,0.997853696346283,235.60276794433594,155.13839721679688,0.3798488676548004,233.09124755859375,145.7064971923828,0.03558278828859329,249.64675903320312,158.7086944580078,0.11740197986364365,266.4201354980469,164.90240478515625,0.92271488904953,223.03396606445312,158.40789794921875,0.24056456983089447,210.45547485351562,137.21328735351562,0.09625375270843506,160.19000244140625,158.54403686523438,0.006702539045363665,157.72039794921875,164.58486938476562,0.00396219315007329
14,273.1020202636719,145.80735778808594,0.9980747699737549,223.04150390625,149.44894409179688,0.9933246970176697,155.23753356933594,160.82489013671875,0.9979135394096375,235.6230010986328,155.1768341064453,0.3740141987800598,233.18560791015625,145.6733856201172,0.03351607546210289,249.65707397460938,158.67874145507812,0.10501894354820251,266.4698181152344,164.87979125976562,0.9149211049079895,223.0420379638672,158.3678741455078,0.2409714013338089,210.3666534423828,137.2759246826172,0.08668282628059387,160.20867919921875,158.5171356201172,0.006527104414999485,157.7600555419922,164.5340118408203,0.0037014437839388847
15,272.9952392578125,145.72496032714844,0.9980792999267578,222.97244262695312,149.49484252929688,0.994050920009613,155.1980438232422,160.8406524658203,0.9977757334709167,235.56715393066406,155.1693572998047,0.40610963106155396,233.0829620361328,145.62351989746094,0.03392452746629715,249.6027374267578,158.7163848876953,0.10552466660737991,266.465576171875,164.91336059570312,0.9169386625289917,222.9126739501953,158.4159698486328,0.265055775642395,210.25367736816406,137.09046936035156,0.10875216871500015,160.20140075683594,158.5189666748047,0.006448331754654646,157.64266967773438,164.57176208496094,0.003834228031337261
16,272.9736022949219,145.73837280273438,0.9981060028076172,223.02999877929688,149.4731903076172,0.9940670728683472,155.34869384765625,160.8080596923828,0.9978076815605164,235.5350799560547,155.17596435546875,0.4133666455745697,233.0106201171875,145.59117126464844,0.0366971418261528,249.58544921875,158.69119262695312,0.09218662232160568,266.5377502441406,164.96653747558594,0.9137210249900818,222.9336700439453,158.35923767089844,0.24920472502708435,210.18380737304688,137.07232666015625,0.11613490432500839,160.14730834960938,158.4927978515625,0.006142634432762861,157.74752807617188,164.5804443359375,0.003813951974734664
17,272.941650390625,145.70211791992188,0.9980379939079285,222.93218994140625,149.51727294921875,0.9939518570899963,155.3906707763672,160.68032836914062,0.9976522326469421,235.4779510498047,155.22586059570312,0.41044342517852783,233.05142211914062,145.5067901611328,0.034867726266384125,249.4785614013672,158.73419189453125,0.10135318338871002,266.46148681640625,164.9638671875,0.9049409627914429,222.84567260742188,158.41229248046875,0.25482451915740967,210.1961212158203,136.9141387939453,0.11702470481395721,160.0686798095703,158.36866760253906,0.006284839939326048,157.68104553222656,164.57974243164062,0.003771477146074176
18,272.8959655761719,145.70419311523438,0.9981038570404053,223.037109375,149.45648193359375,0.9942243695259094,155.22850036621094,160.843505859375,0.9976509213447571,235.46383666992188,155.17807006835938,0.38232100009918213,233.04208374023438,145.73158264160156,0.03295651450753212,254.7474822998047,156.37893676757812,0.07921774685382843,266.62744140625,164.8834228515625,0.9130433797836304,222.92977905273438,158.38803100585938,0.2550891935825348,210.18893432617188,137.08995056152344,0.11116767674684525,160.1702880859375,158.45741271972656,0.007013814058154821,157.60955810546875,164.5603790283203,0.004161257762461901
19,273.010986328125,145.6700439453125,0.9981788396835327,223.0572967529297,149.42381286621094,0.9940014481544495,155.21217346191406,160.82260131835938,0.9978103041648865,235.45989990234375,155.2217559814453,0.4001232981681824,233.03909301757812,145.6644744873047,0.03574283421039581,249.49171447753906,158.832275390625,0.09344325214624405,266.5161437988281,165.0459747314453,0.9082565903663635,222.93136596679688,158.3955841064453,0.26039013266563416,210.24143981933594,137.049072265625,0.11543792486190796,160.25006103515625,158.4370574951172,0.006801862735301256,157.67579650878906,164.6453857421875,0.0040211849845945835
20,272.9297180175781,145.63272094726562,0.9979735016822815,223.0000457763672,149.39810180664062,0.9942155480384827,155.20819091796875,160.8611602783203,0.9978240728378296,235.49746704101562,155.19937133789062,0.4175281524658203,233.1134796142578,145.67015075683594,0.03586040437221527,249.5261993408203,158.76634216308594,0.09376809746026993,266.7117614746094,165.1228485107422,0.8955153822898865,222.86178588867188,158.36473083496094,0.2526096999645233,210.15232849121094,137.0001678466797,0.11304726451635361,160.25827026367188,158.4915313720703,0.007050957065075636,157.618408203125,164.59326171875,0.004497899208217859
21,272.947998046875,145.6062469482422,0.9977978467941284,223.0543975830078,149.4275360107422,0.9940776824951172,155.2333526611328,160.94342041015625,0.997826874256134,235.43057250976562,155.2677459716797,0.4215191900730133,233.080078125,145.6277313232422,0.034239429980516434,249.4430694580078,158.80078125,0.09257441759109497,266.6089782714844,165.08226013183594,0.8782652020454407,222.9109649658203,158.37533569335938,0.26838353276252747,210.1079864501953,137.17483520507812,0.11591721326112747,160.19537353515625,158.4484405517578,0.006385086104273796,157.68031311035156,164.6569061279297,0.004000980872660875
22,272.96124267578125,145.56871032714844,0.9979314804077148,223.04493713378906,149.41029357910156,0.9941601753234863,155.2680206298828,160.86343383789062,0.9977765679359436,235.5283660888672,155.1097869873047,0.40695905685424805,233.0891876220703,145.6466522216797,0.03355752304196358,249.43231201171875,158.81044006347656,0.08241787552833557,266.70489501953125,164.97996520996094,0.8794698119163513,222.96340942382812,158.28689575195312,0.2612219750881195,210.2724151611328,137.07131958007812,0.12248553335666656,160.16310119628906,158.45138549804688,0.006202991586178541,157.6345977783203,164.63697814941406,0.004152937326580286
23,272.937744140625,145.4933624267578,0.9979963898658752,223.03651428222656,149.40342712402344,0.9935791492462158,155.1578826904297,161.01564025878906,0.9978756904602051,235.5083465576172,155.22035217285156,0.3886753022670746,233.0950164794922,145.6162872314453,0.033748235553503036,249.30677795410156,158.6826629638672,0.08549997955560684,266.5107421875,165.07469177246094,0.8730666637420654,222.97792053222656,158.40814208984375,0.24776504933834076,210.10977172851562,137.17784118652344,0.10604415088891983,160.26332092285156,158.49118041992188,0.006928778253495693,157.62237548828125,164.68402099609375,0.004422174300998449
24,272.9416809082031,145.45831298828125,0.998157799243927,223.0020294189453,149.32582092285156,0.9938574433326721,155.06253051757812,160.9626922607422,0.9978012442588806,235.49118041992188,155.21112060546875,0.3856625258922577,233.14837646484375,145.58798217773438,0.0361969992518425,249.3538818359375,158.697998046875,0.0864420160651207,266.5382385253906,165.1547393798828,0.8685582876205444,222.88479614257812,158.3193359375,0.27105069160461426,209.98683166503906,137.193603515625,0.10563570261001587,160.27719116210938,158.45901489257812,0.0066113523207604885,157.61590576171875,164.62796020507812,0.004284831695258617
25,272.96575927734375,145.3777618408203,0.9980841875076294,223.06532287597656,149.36764526367188,0.9930811524391174,155.15431213378906,160.97019958496094,0.9977725148200989,235.53851318359375,155.16111755371094,0.36219972372055054,233.19894409179688,145.6467742919922,0.031070852652192116,249.11593627929688,158.74314880371094,0.08538663387298584,266.3372802734375,164.99542236328125,0.8262298703193665,222.96969604492188,158.3529510498047,0.2390083521604538,210.15623474121094,137.13246154785156,0.09947636723518372,160.23020935058594,158.4174041748047,0.006381012964993715,157.5767364501953,164.64898681640625,0.004281726200133562
26,273.0196838378906,145.24911499023438,0.9983055591583252,223.08502197265625,149.4149932861328,0.993316650390625,155.1280517578125,160.9606475830078,0.9976435303688049,235.36077880859375,155.25331115722656,0.36441275477409363,233.17520141601562,145.61082458496094,0.031194157898426056,248.9373016357422,158.77447509765625,0.06974008679389954,266.297607421875,165.10556030273438,0.7873625159263611,222.93252563476562,158.418701171875,0.2440253645181656,210.0349578857422,137.1851806640625,0.11361335217952728,160.23936462402344,158.4398956298828,0.006403433158993721,157.5583953857422,164.66407775878906,0.004494648426771164
27,273.1767883300781,145.10438537597656,0.9983341097831726,223.0532684326172,149.4175567626953,0.9929660558700562,155.11541748046875,160.93331909179688,0.9976230263710022,235.38922119140625,155.23548889160156,0.3300544023513794,233.1973876953125,145.64691162109375,0.032017916440963745,248.9165802001953,158.6724853515625,0.07032831758260727,266.2691650390625,165.06085205078125,0.7920323610305786,223.03160095214844,158.4505615234375,0.21659891307353973,210.08538818359375,137.19580078125,0.10272543877363205,160.2613525390625,158.49163818359375,0.006639668717980385,157.49813842773438,164.6238250732422,0.004968347027897835
28,273.0339660644531,145.1649627685547,0.9980946183204651,223.03176879882812,149.4606170654297,0.9932947754859924,155.23516845703125,160.92193603515625,0.9975773692131042,235.4035186767578,155.25009155273438,0.3648572564125061,233.1563262939453,145.63778686523438,0.03286423906683922,248.92947387695312,158.64065551757812,0.07097408175468445,266.3148193359375,165.11441040039062,0.7692915797233582,222.95263671875,158.46554565429688,0.24265405535697937,210.14651489257812,137.1544952392578,0.12476471066474915,160.179931640625,158.42086791992188,0.005511685740202665,157.60989379882812,164.68832397460938,0.004097064025700092
29,273.31683349609375,144.9481658935547,0.9980058073997498,223.2238311767578,149.51812744140625,0.9928037524223328,155.2025909423828,160.91217041015625,0.9975020289421082,235.36593627929688,155.2858123779297,0.3272911310195923,233.2647247314453,145.9346160888672,0.027849804610013962,248.8672332763672,158.7145538330078,0.06335684657096863,266.24102783203125,165.18592834472656,0.7604004740715027,225.0733642578125,157.6221466064453,0.20689591765403748,210.4095458984375,137.2788543701172,0.11034578084945679,160.22872924804688,158.53785705566406,0.006357862614095211,157.51885986328125,164.65493774414062,0.004705178085714579
30,273.6425476074219,144.79281616210938,0.998004138469696,223.2256622314453,149.52377319335938,0.9930045008659363,155.14413452148438,160.82366943359375,0.9972833395004272,235.36471557617188,155.3332977294922,0.3189811110496521,233.15789794921875,145.9497833251953,0.027119247242808342,248.7005615234375,158.6770782470703,0.07213439792394638,265.97552490234375,165.23629760742188,0.7275860905647278,223.25103759765625,158.56243896484375,0.21619628369808197,210.26199340820312,137.3354949951172,0.10548503696918488,160.28810119628906,158.4877471923828,0.005606087855994701,157.51473999023438,164.6192169189453,0.004563260357826948
31,273.954833984375,144.55252075195312,0.9977479577064514,223.32794189453125,149.50369262695312,0.992183268070221,155.03665161132812,160.8134307861328,0.9973421692848206,235.25372314453125,155.40609741210938,0.29125240445137024,233.21388244628906,145.92910766601562,0.02550373040139675,248.60931396484375,158.58895874023438,0.06470155715942383,265.9295959472656,165.21652221679688,0.7282388806343079,225.23324584960938,157.66490173339844,0.21377573907375336,210.3836669921875,137.30067443847656,0.10523322969675064,160.30113220214844,158.44679260253906,0.005786706227809191,157.517822265625,164.5576934814453,0.004480152856558561
32,274.2218017578125,144.20278930664062,0.99748694896698,223.34030151367188,149.57833862304688,0.9924123883247375,155.2121124267578,160.67628479003906,0.9967612624168396,235.16912841796875,155.3921356201172,0.27837416529655457,233.27285766601562,145.96917724609375,0.028121469542384148,248.61129760742188,158.4923858642578,0.06424516439437866,265.86785888671875,164.96014404296875,0.7660285830497742,225.3334197998047,157.57687377929688,0.20778293907642365,210.4210662841797,137.13182067871094,0.10617589205503464,160.26104736328125,158.42088317871094,0.006773416884243488,157.51376342773438,164.48309326171875,0.005037736147642136
33,274.634765625,144.1179962158203,0.9976879358291626,223.52247619628906,149.70375061035156,0.9922509789466858,155.2237548828125,160.54345703125,0.9967637062072754,235.10580444335938,155.5188446044922,0.2724802494049072,233.2624053955078,146.0426483154297,0.028237245976924896,248.52804565429688,158.5872039794922,0.05636812746524811,265.91668701171875,165.143798828125,0.7877338528633118,225.4837188720703,157.60487365722656,0.20516930520534515,210.66604614257812,137.05113220214844,0.11678353697061539,160.1959686279297,158.38873291015625,0.005285423249006271,157.5749053955078,164.5210723876953,0.0042165108025074005
34,274.8311462402344,143.95578002929688,0.9973583817481995,223.49212646484375,149.6964111328125,0.9928714632987976,155.2499237060547,160.53182983398438,0.9968149065971375,235.0463104248047,155.6117401123047,0.2736418843269348,233.3134002685547,145.9356689453125,0.032745324075222015,248.54592895507812,158.5038604736328,0.05446579307317734,265.83795166015625,165.19395446777344,0.7981259822845459,225.39878845214844,157.62460327148438,0.21781761944293976,210.57920837402344,137.135986328125,0.12696416676044464,160.13111877441406,158.40676879882812,0.004568764939904213,157.66436767578125,164.44090270996094,0.003678475506603718
35,275.25616455078125,143.76734924316406,0.9969884753227234,224.70596313476562,150.43203735351562,0.9928916692733765,155.2135009765625,160.5123748779297,0.996777355670929,235.07069396972656,155.62425231933594,0.26752904057502747,233.4290313720703,146.0081024169922,0.03187762200832367,248.64520263671875,158.5172882080078,0.058245543390512466,265.94744873046875,165.1320037841797,0.8394051790237427,225.5108184814453,157.6478729248047,0.2241753190755844,210.7179718017578,137.20716857910156,0.12079622596502304,160.2203369140625,158.46607971191406,0.005227725021541119,157.6653594970703,164.3960723876953,0.004177623428404331
36,275.5476989746094,143.587646484375,0.996688187122345,224.79904174804688,150.47596740722656,0.9928001165390015,155.24070739746094,160.50753784179688,0.9969172477722168,235.16815185546875,155.74118041992188,0.2662169933319092,233.56080627441406,146.0056610107422,0.026605509221553802,248.82034301757812,158.4962158203125,0.061532337218523026,265.8817443847656,165.2727508544922,0.8512073159217834,225.621826171875,157.71107482910156,0.20846933126449585,211.07080078125,137.1787109375,0.11822441965341568,160.21051025390625,158.45755004882812,0.0047442177310585976,157.7505340576172,164.4287567138672,0.0038099016528576612
37,275.8893127441406,143.38119506835938,0.9965919256210327,224.93637084960938,150.54954528808594,0.9916700124740601,155.3597412109375,160.35179138183594,0.997017502784729,235.34716796875,155.84439086914062,0.21488039195537567,233.79945373535156,146.21420288085938,0.019950445741415024,249.25794982910156,158.1806640625,0.07732436805963516,266.0171203613281,164.9564208984375,0.8913390040397644,225.80845642089844,157.76210021972656,0.18281878530979156,211.38356018066406,137.37611389160156,0.10495059937238693,160.17555236816406,158.53271484375,0.004435927141457796,157.8166961669922,164.29238891601562,0.003694788785651326
38,276.28131103515625,143.35472106933594,0.996282160282135,225.05697631835938,150.64157104492188,0.9899959564208984,155.4644317626953,160.3349151611328,0.9969388246536255,235.5415496826172,155.9947052001953,0.16508182883262634,234.17440795898438,146.53126525878906,0.015191858634352684,249.6238250732422,158.14511108398438,0.09032370895147324,266.18731689453125,164.76217651367188,0.9127817749977112,226.049072265625,157.79681396484375,0.15153087675571442,211.84423828125,137.54322814941406,0.08019920438528061,160.20889282226562,158.5826873779297,0.004388322122395039,157.91969299316406,164.26705932617188,0.003569292835891247
39,276.5982360839844,143.32937622070312,0.9956333041191101,225.16891479492188,150.67906188964844,0.9889407753944397,155.51893615722656,160.25076293945312,0.9970340728759766,235.7327117919922,156.1435089111328,0.13160334527492523,234.55081176757812,146.7957763671875,0.01569700986146927,254.65225219726562,156.19976806640625,0.11277122795581818,266.3740539550781,164.67422485351562,0.9225757718086243,226.31332397460938,157.8743438720703,0.14003504812717438,211.93177795410156,137.90704345703125,0.052855778485536575,160.18817138671875,158.68365478515625,0.0036065680906176567,158.0301513671875,164.2750701904297,0.0027539976872503757
40,277.19390869140625,143.21035766601562,0.9936524629592896,225.31329345703125,150.75503540039062,0.9866703152656555,155.63058471679688,160.25144958496094,0.9968125224113464,236.05047607421875,156.2576446533203,0.11062141507863998,234.9298095703125,146.8503875732422,0.013707431964576244,254.66014099121094,156.20953369140625,0.152113676071167,266.36724853515625,164.61996459960938,0.9188650250434875,226.53302001953125,157.97152709960938,0.1222924143075943,212.34910583496094,138.06503295898438,0.039319440722465515,160.12437438964844,158.7750701904297,0.0036772103048861027,158.07411193847656,164.2806396484375,0.0027076657861471176
41,277.7215881347656,143.24107360839844,0.9887576699256897,225.40528869628906,150.78082275390625,0.9837214350700378,155.7337646484375,160.23977661132812,0.9962533712387085,236.3546600341797,156.37144470214844,0.07733645290136337,235.1519012451172,147.00628662109375,0.010766848921775818,254.91014099121094,156.34423828125,0.1709965467453003,266.2679443359375,164.60025024414062,0.9087808728218079,226.88311767578125,158.022705078125,0.0880027785897255,212.7828369140625,138.30616760253906,0.024235496297478676,159.9508514404297,158.72427368164062,0.0029472217429429293,158.1041259765625,164.32061767578125,0.002165112877264619
42,278.1646728515625,143.2666015625,0.9823896884918213,225.31764221191406,151.0650177001953,0.9812654852867126,155.8720245361328,160.19984436035156,0.9965581297874451,236.47019958496094,156.58871459960938,0.07712981849908829,235.1626434326172,147.1985321044922,0.010756173171103,250.7297821044922,157.59144592285156,0.1705835610628128,266.2709045410156,164.71029663085938,0.8954362273216248,226.93446350097656,158.09326171875,0.0824069082736969,212.90391540527344,138.2082061767578,0.022777361795306206,159.9510955810547,158.8202667236328,0.0030911406502127647,158.14141845703125,164.28927612304688,0.002355863805860281
43,282.9883117675781,142.23170471191406,0.9845036268234253,225.50665283203125,151.06578063964844,0.9816136360168457,156.04254150390625,160.27420043945312,0.9966654181480408,236.87147521972656,156.62518310546875,0.06284314393997192,235.65518188476562,147.41680908203125,0.008942627348005772,250.55726623535156,157.74171447753906,0.17481838166713715,266.17474365234375,164.95079040527344,0.8741773962974548,227.24951171875,158.04183959960938,0.05877593532204628,213.2606658935547,138.37950134277344,0.014824111014604568,159.86892700195312,158.82183837890625,0.003066662000492215,158.24609375,164.36785888671875,0.001947516924701631
44,284.26043701171875,142.61676025390625,0.9846414923667908,225.8727264404297,151.1241455078125,0.9841898083686829,156.31072998046875,160.2772979736328,0.9963334798812866,237.0580291748047,156.57809448242188,0.05110735818743706,235.89083862304688,147.61776733398438,0.00884255114942789,250.52719116210938,157.7430877685547,0.16884209215641022,266.0122375488281,164.92466735839844,0.8548900485038757,227.63156127929688,157.9280548095703,0.062272824347019196,213.75721740722656,138.3676300048828,0.00906313955783844,159.8804168701172,158.72357177734375,0.002660434227436781,158.46392822265625,164.48678588867188,0.0017065980937331915
45,285.4090576171875,142.5762176513672,0.9844051003456116,225.95184326171875,151.2354736328125,0.9810529351234436,156.70669555664062,159.9462127685547,0.9942428469657898,237.19403076171875,156.49053955078125,0.04627802222967148,236.05715942382812,147.86720275878906,0.008647430688142776,250.71287536621094,157.61251831054688,0.15000689029693604,266.14111328125,165.03285217285156,0.8084877729415894,227.8029022216797,157.91429138183594,0.053367920219898224,218.9954833984375,138.3060302734375,0.008035003207623959,159.889404296875,158.72555541992188,0.002147173974663019,158.65586853027344,164.44190979003906,0.0015055893454700708
46,286.2802429199219,141.96763610839844,0.9843361377716064,226.01052856445312,151.10560607910156,0.9796827435493469,156.74009704589844,158.99642944335938,0.99269038438797,237.302978515625,156.44259643554688,0.04256795719265938,236.2486114501953,148.08018493652344,0.004658557940274477,250.58099365234375,158.01821899414062,0.12177621573209763,266.5671691894531,164.9512176513672,0.7386461496353149,227.7820587158203,157.84678649902344,0.0494040884077549,219.19676208496094,138.43951416015625,0.004645669832825661,159.75872802734375,158.8018035888672,0.0012599582551047206,158.95889282226562,164.4445343017578,0.0009335841168649495
47,287.3370361328125,141.7680206298828,0.9948427081108093,226.59976196289062,151.39590454101562,0.9812775254249573,157.3050079345703,158.98561096191406,0.990176260471344,263.10772705078125,150.98721313476562,0.04675460606813431,236.40211486816406,148.3821563720703,0.00498813996091485,250.73309326171875,157.80563354492188,0.10175561904907227,266.6864013671875,164.73043823242188,0.7298179864883423,228.47393798828125,157.64199829101562,0.05539713427424431,233.69667053222656,143.7238006591797,0.002775739412754774,159.65176391601562,158.80369567871094,0.000952253001742065,159.17388916015625,164.4593048095703,0.0006157361785881221
48,287.6058044433594,142.04747009277344,0.9940578937530518,227.00302124023438,151.3671417236328,0.9810037016868591,157.6561737060547,158.90042114257812,0.989244818687439,263.0996398925781,151.4059295654297,0.035412050783634186,236.7561798095703,148.28744506835938,0.0051200916059315205,250.7902374267578,158.2804718017578,0.05854266136884689,266.87255859375,164.7454071044922,0.6831789612770081,228.88531494140625,157.5074005126953,0.07072976231575012,262.5711364746094,129.91053771972656,0.0028028334490954876,159.6597137451172,158.90733337402344,0.0008102371357381344,159.36959838867188,164.39947509765625,0.0006085571367293596
49,287.84527587890625,142.49978637695312,0.9893331527709961,227.43435668945312,151.31907653808594,0.9803180694580078,158.72520446777344,158.07994079589844,0.989517867565155,242.48512268066406,156.4379425048828,0.031776346266269684,237.24766540527344,148.0675506591797,0.004014584701508284,251.08694458007812,158.58692932128906,0.05284939706325531,267.1243896484375,164.40353393554688,0.6755435466766357,229.36338806152344,157.4734344482422,0.07978129386901855,262.9310302734375,130.33639526367188,0.002721939003095031,159.6082000732422,158.89540100097656,0.0006186261307448149,159.5719757080078,164.23114013671875,0.00047608072054572403
50,287.2359924316406,143.2967987060547,0.9714301228523254,227.67428588867188,151.3621368408203,0.981642484664917,158.80313110351562,158.0913848876953,0.9938960671424866,238.1766815185547,155.8175048828125,0.0302943866699934,237.52012634277344,147.90089416503906,0.002761160023510456,250.9982452392578,159.26560974121094,0.031159352511167526,267.535400390625,164.38970947265625,0.6449547410011292,229.39100646972656,157.515380859375,0.07397255301475525,263.23529052734375,130.5215606689453,0.0028418446891009808,159.8211212158203,159.02357482910156,0.0011172369122505188,158.09632873535156,161.21482849121094,0.0006253467290662229
51,286.2118835449219,144.81056213378906,0.928453803062439,227.90325927734375,151.02874755859375,0.9809984564781189,159.2262420654297,158.2132568359375,0.9938393235206604,237.93951416015625,155.59849548339844,0.029850473627448082,237.42274475097656,147.21226501464844,0.002666792133823037,251.31101989746094,159.20785522460938,0.030455002561211586,267.83966064453125,164.78897094726562,0.5880796313285828,229.3076934814453,157.30181884765625,0.07825423777103424,263.56939697265625,130.97421264648438,0.0020172889344394207,159.9357147216797,159.08938598632812,0.001101398142054677,158.36358642578125,161.34068298339844,0.0005975329549983144
52,284.7659912109375,145.01243591308594,0.926456093788147,227.94729614257812,151.01768493652344,0.9870184063911438,159.74032592773438,157.71961975097656,0.9968574047088623,237.6453857421875,155.70603942871094,0.05685822665691376,237.6651611328125,146.87973022460938,0.0025875878054648638,251.00576782226562,159.9517822265625,0.027326779440045357,270.3553771972656,164.76820373535156,0.626612663269043,229.03587341308594,157.19898986816406,0.15489739179611206,219.13568115234375,137.7578582763672,0.001631994149647653,160.3253173828125,158.79969787597656,0.0007845747750252485,158.9580841064453,161.2080841064453,0.0007240262348204851
53,285.15234375,145.30018615722656,0.9473862648010254,228.2340545654297,151.0676727294922,0.9877128601074219,160.3249053955078,157.2598419189453,0.998400866985321,238.09739685058594,155.56204223632812,0.056629471480846405,237.94235229492188,146.3583526611328,0.004177512601017952,258.4810485839844,157.31553649902344,0.02975575067102909,270.4281311035156,165.1907501220703,0.7312145233154297,229.5061492919922,156.98867797851562,0.17257258296012878,219.30938720703125,137.71327209472656,0.0016714215744286776,160.59295654296875,158.5923614501953,0.00030721010989509523,159.660888671875,161.06358337402344,0.0005127102485857904
54,286.9372863769531,146.19190979003906,0.9389997720718384,227.97628784179688,151.08450317382812,0.9866581559181213,160.93312072753906,156.89772033691406,0.9991167187690735,242.3435821533203,156.5774688720703,0.066598080098629,237.92787170410156,145.99343872070312,0.00497118104249239,258.8033447265625,157.28500366210938,0.04093145579099655,270.54376220703125,165.20835876464844,0.7670757174491882,229.23748779296875,156.75961303710938,0.22466561198234558,219.17803955078125,137.9476318359375,0.0016474035801365972,179.9261016845703,156.15957641601562,0.00018978200387209654,268.0536804199219,175.70538330078125,0.0004108142456971109
55,287.6053161621094,146.6844482421875,0.9492846131324768,227.85079956054688,151.0702362060547,0.9864626526832581,161.47348022460938,156.6513671875,0.9995779395103455,242.32205200195312,156.56214904785156,0.09564265608787537,238.2159881591797,145.7076416015625,0.005482401233166456,259.0534362792969,157.28274536132812,0.04539639130234718,270.704833984375,165.20623779296875,0.8116583824157715,229.36199951171875,156.3948974609375,0.2555519938468933,233.10586547851562,143.14151000976562,0.0015127243241295218,180.12025451660156,156.174072265625,0.00022197971702553332,268.10784912109375,175.72828674316406,0.0004199204267933965
56,287.813720703125,147.20960998535156,0.96551913022995,228.14990234375,151.07138061523438,0.9824967384338379,162.2406768798828,156.13673400878906,0.9996157884597778,242.62274169921875,156.51617431640625,0.09731025248765945,238.2608184814453,145.44338989257812,0.005341211333870888,259.3012390136719,157.48512268066406,0.04816417396068573,270.8616638183594,165.6493682861328,0.8468455076217651,229.75042724609375,156.06678771972656,0.21720238029956818,232.8248748779297,143.16111755371094,0.0013664327561855316,179.9071502685547,156.05288696289062,0.0001602951087988913,268.0221862792969,175.9210662841797,0.0005374851170927286
57,288.1888427734375,147.62448120117188,0.9743291735649109,232.02410888671875,150.03941345214844,0.9784632325172424,163.17030334472656,155.7274169921875,0.9995527863502502,243.2017822265625,156.4277801513672,0.1316721886396408,238.26539611816406,145.57257080078125,0.005533298477530479,259.30242919921875,157.6453857421875,0.06238245591521263,270.9722595214844,165.8288116455078,0.8662678599357605,232.396728515625,156.09713745117188,0.18779635429382324,232.4434814453125,143.57907104492188,0.0021416263189166784,179.49661254882812,156.1200714111328,9.82200654107146e-05,267.8111877441406,175.95298767089844,0.0004755015834234655
58,288.5835266113281,147.5371551513672,0.9743083715438843,232.83311462402344,149.6794891357422,0.9825716018676758,163.89796447753906,155.5176544189453,0.9996033310890198,243.58407592773438,156.29928588867188,0.1608491837978363,238.49093627929688,145.4242401123047,0.005367456469684839,259.3660583496094,157.66082763671875,0.06614750623703003,270.8815002441406,166.07273864746094,0.8355775475502014,232.67971801757812,156.081298828125,0.20254899561405182,232.40725708007812,143.6560821533203,0.0019156791968271136,179.05300903320312,156.1156463623047,0.00013793306425213814,267.83709716796875,175.9635009765625,0.00040838480344973505
59,288.7033386230469,147.73521423339844,0.975837767124176,233.5398712158203,149.23912048339844,0.9843944907188416,164.8072509765625,154.92425537109375,0.9993031024932861,244.06512451171875,155.93408203125,0.1852465569972992,238.80044555664062,145.44717407226562,0.004089083522558212,259.623779296875,157.6328887939453,0.08292899280786514,270.92901611328125,166.4882354736328,0.8215833902359009,233.2324981689453,155.62103271484375,0.21747300028800964,232.66290283203125,143.90245056152344,0.002007266040891409,198.14492797851562,153.69325256347656,0.000177893482032232,267.7812194824219,176.1624298095703,0.00040527756209485233
60,289.1235656738281,147.62698364257812,0.9777577519416809,233.17532348632812,149.22210693359375,0.9889504313468933,165.55517578125,154.31748962402344,0.9992485642433167,243.780029296875,155.93450927734375,0.34476664662361145,238.4984893798828,145.25267028808594,0.0039152903482317924,259.5915222167969,157.6066436767578,0.11517903208732605,270.87176513671875,166.7711944580078,0.8337998986244202,233.1739959716797,155.3903045654297,0.3526563346385956,232.0697479248047,143.9529266357422,0.001871270826086402,198.11734008789062,153.60015869140625,0.0003421322617214173,267.722900390625,176.14996337890625,0.0004057394980918616
61,289.42547607421875,147.48915100097656,0.9801610112190247,233.7849578857422,148.53573608398438,0.9935891628265381,166.29002380371094,153.6560821533203,0.9989399313926697,244.06350708007812,155.71546936035156,0.5060167908668518,240.92849731445312,144.7404327392578,0.002052977681159973,259.7403259277344,157.7613067626953,0.12384136766195297,270.81396484375,166.93438720703125,0.8352423906326294,233.53843688964844,154.67945861816406,0.4791100323200226,224.6603546142578,138.65174865722656,0.0022269682958722115,198.49111938476562,153.3193359375,0.0007013808353804052,176.86810302734375,160.53024291992188,0.0003807741159107536
62,290.247314453125,147.43511962890625,0.9887282848358154,234.25807189941406,147.8130340576172,0.9919495582580566,167.89627075195312,153.28712463378906,0.9985619187355042,244.86131286621094,155.38015747070312,0.4502986967563629,241.25418090820312,144.2273406982422,0.0015172420535236597,259.8575744628906,157.8737030029297,0.12398669868707657,270.8498229980469,166.87445068359375,0.8193720579147339,234.0370330810547,154.15956115722656,0.4320759177207947,224.90179443359375,138.23251342773438,0.002991453278809786,198.43809509277344,152.94845581054688,0.001759581733494997,191.32411193847656,165.7665252685547,0.00040212488966062665
63,290.8861999511719,147.14508056640625,0.9886159300804138,234.5938262939453,147.1239471435547,0.9902099370956421,168.64230346679688,152.1196746826172,0.9990794658660889,245.5553741455078,155.02731323242188,0.5117369890213013,241.45541381835938,143.56491088867188,0.001285028294660151,259.5618896484375,158.102294921875,0.11942841857671738,270.8494873046875,167.18096923828125,0.788593053817749,234.35911560058594,153.74082946777344,0.42238762974739075,224.67507934570312,138.02911376953125,0.0035143964923918247,198.4953155517578,153.1302032470703,0.004989406559616327,192.07449340820312,165.45645141601562,0.006929503288120031
64,291.4957580566406,146.88494873046875,0.9891679286956787,235.7220916748047,146.34442138671875,0.9904728531837463,170.0500030517578,150.94952392578125,0.9990991353988647,246.31893920898438,154.74537658691406,0.5099417567253113,246.41134643554688,144.73098754882812,0.0011172369122505188,259.5261535644531,158.32049560546875,0.10197784751653671,270.8762512207031,167.33331298828125,0.7570433616638184,235.03012084960938,153.612548828125,0.45201653242111206,230.9122314453125,142.5791015625,0.0025892816483974457,198.11526489257812,153.0779266357422,0.009571167640388012,192.22653198242188,164.96664428710938,0.04450540617108345
65,292.4573974609375,146.70130920410156,0.9821297526359558,236.9358367919922,145.88294982910156,0.989939272403717,171.2633819580078,150.05535888671875,0.9992293119430542,249.57974243164062,154.68051147460938,0.6557894349098206,247.64111328125,144.74835205078125,0.0018995382124558091,259.57476806640625,158.56089782714844,0.15422125160694122,270.80462646484375,167.69189453125,0.675349771976471,235.8922576904297,153.6047821044922,0.5908352136611938,230.3313446044922,141.98883056640625,0.00827461015433073,200.55963134765625,152.9046173095703,0.021846206858754158,192.8280487060547,164.67994689941406,0.1751098334789276
66,293.8147277832031,146.5164031982422,0.9500248432159424,240.88455200195312,146.3112030029297,0.9819234013557434,172.46188354492188,148.9495391845703,0.99898761510849,250.2383575439453,154.23728942871094,0.8140240907669067,247.82716369628906,144.18902587890625,0.002374574076384306,259.3624572753906,158.51296997070312,0.17957156896591187,270.7121276855469,167.60086059570312,0.605998694896698,236.29733276367188,153.25759887695312,0.7450642585754395,229.74664306640625,141.7902374267578,0.014479981735348701,201.2425537109375,149.2395477294922,0.03995807096362114,193.4882049560547,164.52947998046875,0.18001648783683777
67,294.6560363769531,146.43460083007812,0.8144912719726562,242.17095947265625,145.5432586669922,0.9894629120826721,173.70843505859375,147.81944274902344,0.9981622099876404,251.41294860839844,153.93170166015625,0.8458606600761414,248.54190063476562,143.85853576660156,0.0023854884784668684,259.44940185546875,158.75990295410156,0.1852359026670456,270.5523986816406,167.2925262451172,0.5599955320358276,237.4998321533203,152.70834350585938,0.8369463086128235,229.35475158691406,141.6265869140625,0.015072711743414402,203.67987060546875,149.95858764648438,0.21427445113658905,194.18899536132812,165.65126037597656,0.4272293746471405
68,296.0126647949219,146.18096923828125,0.5762408971786499,243.3296356201172,145.0054931640625,0.992210865020752,175.1609649658203,146.2579345703125,0.9912142753601074,252.055908203125,153.61404418945312,0.8289651870727539,249.04725646972656,143.14669799804688,0.003963585942983627,259.5209045410156,158.74705505371094,0.2023247629404068,270.48077392578125,166.87843322753906,0.6074390411376953,241.05728149414062,151.6993865966797,0.9223234057426453,230.07200622558594,141.76869201660156,0.021688712760806084,203.87127685546875,150.00265502929688,0.46382269263267517,194.4285125732422,165.0147247314453,0.5726641416549683
69,300.4420471191406,144.71038818359375,0.7181840538978577,243.37109375,144.66307067871094,0.9916937947273254,176.4765167236328,144.89866638183594,0.9934574961662292,252.86241149902344,153.20936584472656,0.7565653920173645,250.75241088867188,142.93057250976562,0.007314248941838741,259.742919921875,158.66380310058594,0.21392874419689178,270.3795471191406,166.4586944580078,0.6572579145431519,242.15155029296875,150.87574768066406,0.9612990617752075,228.67532348632812,142.8319854736328,0.03977874666452408,203.78106689453125,149.50750732421875,0.45892423391342163,194.16319274902344,164.36463928222656,0.6915126442909241
70,302.0047912597656,145.3192901611328,0.7586779594421387,244.18374633789062,143.4834747314453,0.9956287145614624,178.6432647705078,143.1848907470703,0.9972249269485474,253.12054443359375,152.88255310058594,0.7319791316986084,250.73414611816406,142.0100555419922,0.0035714865662157536,259.58056640625,158.43832397460938,0.30554330348968506,269.87664794921875,166.35272216796875,0.6871416568756104,242.97601318359375,149.96827697753906,0.977963387966156,229.54283142089844,142.0061798095703,0.1268940418958664,204.8177032470703,148.90151977539062,0.5944340825080872,194.63279724121094,163.6568145751953,0.6588171720504761
71,304.7528381347656,143.5294647216797,0.5681717395782471,244.5795440673828,142.39500427246094,0.9958977103233337,180.23703002929688,141.61854553222656,0.9989055395126343,253.26795959472656,151.94264221191406,0.7391443848609924,251.4184112548828,141.69725036621094,0.0020639679860323668,257.33935546875,157.18505859375,0.5256170630455017,269.73828125,166.32662963867188,0.7029412984848022,243.72262573242188,148.85902404785156,0.977857232093811,229.9799346923828,141.30357360839844,0.15431787073612213,205.1195068359375,147.97593688964844,0.6908441781997681,194.87229919433594,163.15846252441406,0.6513416171073914
72,305.70855712890625,142.6427764892578,0.7071879506111145,245.81121826171875,141.4445343017578,0.9914985299110413,181.45947265625,139.85397338867188,0.9985235333442688,256.896728515625,148.9129180908203,0.5331044793128967,252.66041564941406,137.259521484375,0.001387632917612791,257.7659606933594,156.6068878173828,0.45936301350593567,269.7290954589844,166.42489624023438,0.6262409687042236,244.90084838867188,147.83465576171875,0.9564889669418335,230.35711669921875,140.2012481689453,0.1473759412765503,205.1727752685547,146.6326904296875,0.7110905051231384,194.7947540283203,160.25997924804688,0.5434907078742981
73,306.7521057128906,141.0591278076172,0.694175124168396,246.50877380371094,140.68560791015625,0.9847940802574158,182.25506591796875,138.54421997070312,0.9970468878746033,257.47686767578125,147.5406951904297,0.5876191854476929,253.34246826171875,137.0474090576172,0.0011689155362546444,258.01116943359375,155.92758178710938,0.44329556822776794,269.4459228515625,166.45358276367188,0.5186988711357117,245.54161071777344,147.04161071777344,0.9524187445640564,230.3116455078125,136.61752319335938,0.2562792897224426,205.77186584472656,145.6224822998047,0.6815186738967896,196.32188415527344,159.59066772460938,0.6041466593742371
74,308.0054931640625,139.398193359375,0.5285371541976929,248.53167724609375,140.23138427734375,0.9786232709884644,184.75233459472656,137.69650268554688,0.989803671836853,258.2418518066406,146.59829711914062,0.7098386883735657,255.0291748046875,147.5831298828125,0.0016431325348094106,258.35833740234375,155.19252014160156,0.4342191219329834,269.51654052734375,165.4851837158203,0.567654550075531,246.98793029785156,146.55850219726562,0.9256638288497925,230.41151428222656,140.1007537841797,0.27611401677131653,210.05299377441406,145.97927856445312,0.6081333160400391,197.36473083496094,159.12025451660156,0.6428082585334778
75,309.5442810058594,137.2714080810547,0.2914748191833496,250.5833282470703,139.79574584960938,0.9730662703514099,186.5181884765625,137.1149444580078,0.9863727688789368,259.4846496582031,145.75181579589844,0.7383837103843689,255.08522033691406,147.47747802734375,0.0022617413196712732,258.8638610839844,155.15628051757812,0.4606534540653229,269.6783752441406,165.03273010253906,0.46250656247138977,248.2654266357422,146.0650634765625,0.775941014289856,233.38088989257812,138.2823486328125,0.22445687651634216,210.51608276367188,145.38638305664062,0.5192747712135315,197.76583862304688,158.88153076171875,0.6730812788009644
76,313.8308410644531,135.38833618164062,0.09508786350488663,252.2152099609375,138.54005432128906,0.932851254940033,187.96343994140625,135.36618041992188,0.9876547455787659,260.68231201171875,144.97604370117188,0.6753079891204834,265.7857360839844,131.22882080078125,0.003956380300223827,258.9571533203125,154.59127807617188,0.557155430316925,263.6072082519531,164.57781982421875,0.517304539680481,252.17584228515625,145.15505981445312,0.6889289617538452,234.62355041503906,138.6157684326172,0.42069491744041443,211.04629516601562,145.17506408691406,0.339885950088501,197.8989715576172,158.60092163085938,0.504435122013092
77,314.8357849121094,134.23019409179688,0.15188716351985931,255.34629821777344,138.3924102783203,0.9150949716567993,189.8248291015625,133.9918212890625,0.9935727119445801,261.0433349609375,144.25888061523438,0.7339380383491516,266.4499206542969,130.24526977539062,0.011672989465296268,258.6686706542969,154.0869140625,0.7210776209831238,263.10748291015625,164.21142578125,0.6475740075111389,252.57733154296875,144.08322143554688,0.7467172145843506,236.45545959472656,138.24559020996094,0.5259038209915161,211.20315551757812,145.0714874267578,0.2445630580186844,196.57205200195312,161.57691955566406,0.5688931345939636
78,319.4681396484375,133.8717041015625,0.08186764270067215,256.94989013671875,137.009033203125,0.9720413684844971,191.83657836914062,132.91026306152344,0.9941019415855408,262.56231689453125,143.72068786621094,0.6149609088897705,268.0433349609375,129.05238342285156,0.06066194921731949,258.8316345214844,153.46910095214844,0.8851041197776794,262.7203369140625,164.05126953125,0.7738322019577026,253.90216064453125,141.5057830810547,0.7473596930503845,238.03982543945312,138.24038696289062,0.6061066389083862,210.5856475830078,144.80331420898438,0.29298073053359985,196.62620544433594,162.0230712890625,0.7999445199966431
79,320.4107360839844,132.50559997558594,0.11519157141447067,258.9228820800781,136.09677124023438,0.9830310344696045,193.23297119140625,131.49627685546875,0.992150068283081,267.0152587890625,140.91673278808594,0.6924208402633667,266.7718811035156,132.05043029785156,0.03907771781086922,259.0155334472656,150.11634826660156,0.9185348749160767,262.67559814453125,163.9070281982422,0.8437765836715698,257.8602600097656,139.82325744628906,0.7900224924087524,238.41004943847656,135.8599853515625,0.6819092035293579,210.31846618652344,145.4477996826172,0.3928169012069702,196.27536010742188,162.49996948242188,0.9063810110092163
80,321.05950927734375,131.91873168945312,0.12249218672513962,260.5808410644531,134.0479736328125,0.9876888394355774,195.3789825439453,130.1774139404297,0.9903638958930969,266.9917907714844,139.25439453125,0.5511371493339539,267.01708984375,131.71142578125,0.035492654889822006,259.32562255859375,148.64288330078125,0.9196998476982117,262.86578369140625,163.73434448242188,0.829657256603241,258.71405029296875,138.3528289794922,0.7994827628135681,239.2996368408203,135.42860412597656,0.7783788442611694,210.27099609375,145.67929077148438,0.6480110287666321,195.99891662597656,162.99464416503906,0.972464919090271
81,322.3695983886719,130.33358764648438,0.13646939396858215,262.06903076171875,132.36732482910156,0.9640697240829468,197.80360412597656,128.6727294921875,0.9705712795257568,267.72479248046875,137.7444305419922,0.29569903016090393,267.0320739746094,131.07093811035156,0.03157971426844597,259.8811950683594,147.94912719726562,0.9103043079376221,263.3620910644531,163.6549530029297,0.8215032815933228,260.19921875,137.43826293945312,0.5995221734046936,239.59889221191406,135.31202697753906,0.8157873153686523,210.4095001220703,146.22056579589844,0.8509469032287598,196.16287231445312,163.17552185058594,0.9854627847671509
82,323.7916259765625,129.55755615234375,0.12023667991161346,266.0354309082031,130.44061279296875,0.9470874071121216,201.66693115234375,125.91297149658203,0.975583016872406,274.4010009765625,135.22720336914062,0.09719181060791016,267.4686279296875,130.7373046875,0.045064181089401245,261.2160949707031,147.38255310058594,0.9387110471725464,263.4993896484375,164.50608825683594,0.8724647164344788,262.91217041015625,136.10963439941406,0.13356049358844757,242.97268676757812,136.639404296875,0.9215264916419983,211.23484802246094,148.13124084472656,0.9247944355010986,196.03952026367188,163.7166748046875,0.9933801889419556
83,328.65185546875,129.4852294921875,0.0582171194255352,269.9237060546875,129.6980438232422,0.9461884498596191,204.35223388671875,125.26996612548828,0.989988386631012,277.55487060546875,134.86383056640625,0.379151314496994,269.8264465332031,130.97410583496094,0.10514247417449951,262.7447814941406,147.30938720703125,0.9532185196876526,263.5455017089844,164.7045135498047,0.8872243762016296,273.6004638671875,134.63088989257812,0.4116888642311096,243.59446716308594,137.54107666015625,0.9445552229881287,212.7489471435547,149.83956909179688,0.9577301740646362,196.54579162597656,164.06716918945312,0.9910337328910828
84,330.1000671386719,127.9529037475586,0.09387965500354767,273.8630065917969,129.29513549804688,0.9658198356628418,206.30694580078125,124.23121643066406,0.9766724109649658,281.64520263671875,134.71923828125,0.5092102289199829,271.8995361328125,129.54638671875,0.0776139348745346,264.458984375,146.55470275878906,0.9750182032585144,263.80181884765625,165.1255340576172,0.8997347950935364,275.38970947265625,134.90313720703125,0.6764395833015442,244.3620147705078,137.17234802246094,0.9789636135101318,214.64376831054688,150.46653747558594,0.9451255202293396,197.01809692382812,164.79855346679688,0.9904130101203918
85,335.73443603515625,124.20355987548828,0.20312704145908356,275.2975158691406,127.94438934326172,0.987044632434845,208.14651489257812,122.1373291015625,0.8775277733802795,283.2862854003906,134.40028381347656,0.5170575976371765,274.1685485839844,130.12156677246094,0.044922467321157455,265.6344909667969,146.80393981933594,0.9730743169784546,264.0395202636719,165.24546813964844,0.91020268201828,277.3399658203125,134.04949951171875,0.7149742245674133,245.73843383789062,137.71356201171875,0.9810158014297485,216.6237030029297,151.5675048828125,0.8277154564857483,197.80307006835938,164.94146728515625,0.9857505559921265
86,337.343017578125,121.64604949951172,0.26632314920425415,277.9515380859375,126.6679916381836,0.9851188063621521,209.96484375,120.33794403076172,0.9094844460487366,286.1348571777344,133.6567840576172,0.5404870510101318,275.8472900390625,130.15187072753906,0.07236666977405548,267.0745544433594,146.23208618164062,0.9842400550842285,264.531005859375,165.08094787597656,0.9325597286224365,280.96868896484375,133.2449951171875,0.591695249080658,251.90481567382812,138.06788635253906,0.903713047504425,219.00308227539062,151.2360382080078,0.9208858609199524,198.95553588867188,164.8516387939453,0.9829128980636597
87,338.1080017089844,120.04019165039062,0.23792842030525208,280.0026550292969,125.26941680908203,0.9796618223190308,212.73330688476562,119.12395477294922,0.8938526511192322,287.1889343261719,132.67601013183594,0.4092363119125366,276.8303527832031,131.06564331054688,0.30122750997543335,267.8538513183594,146.05447387695312,0.9774959087371826,264.5317687988281,164.90386962890625,0.9309158325195312,282.9781494140625,132.05548095703125,0.7196406722068787,254.18202209472656,137.4954833984375,0.9477888345718384,221.7714080810547,153.31826782226562,0.8808848261833191,201.65481567382812,164.3609161376953,0.9765734672546387
88,339.0783386230469,117.80294036865234,0.09713352471590042,282.1367492675781,123.39410400390625,0.9835342764854431,214.92086791992188,117.54072570800781,0.9072682857513428,291.9190368652344,129.9125518798828,0.1785777360200882,278.2959899902344,131.60231018066406,0.40093564987182617,269.08160400390625,145.6826629638672,0.9847336411476135,264.8951416015625,164.79837036132812,0.9426368474960327,285.6724853515625,130.16236877441406,0.5407785773277283,257.151611328125,137.32362365722656,0.9593848586082458,226.75982666015625,151.47918701171875,0.8501589894294739,204.7687530517578,164.53550720214844,0.9860878586769104
89,343.9305114746094,116.55760955810547,0.021509381011128426,283.56573486328125,122.55088806152344,0.9397925734519958,218.2394256591797,115.95429229736328,0.9168251156806946,293.4873962402344,129.09072875976562,0.2782648205757141,279.204345703125,131.09738159179688,0.5399804711341858,269.5943298339844,145.06629943847656,0.9857869148254395,265.3703918457031,165.0619659423828,0.9248188138008118,289.27886962890625,129.2149200439453,0.41557857394218445,258.69036865234375,137.11270141601562,0.9858289957046509,230.1316375732422,152.42227172851562,0.9000758528709412,207.11106872558594,164.7882080078125,0.9787958264350891
90,349.876708984375,114.42842102050781,0.024157127365469933,284.4786071777344,121.55601501464844,0.889460027217865,220.49232482910156,114.96279907226562,0.9584280252456665,294.5710144042969,126.11134338378906,0.3313598930835724,279.2085266113281,130.73587036132812,0.5929896831512451,270.0485534667969,145.155517578125,0.9670482873916626,265.61761474609375,164.89285278320312,0.8814023733139038,290.2322692871094,128.44593811035156,0.39036187529563904,259.6451416015625,136.18153381347656,0.9853934645652771,234.3116912841797,150.8257598876953,0.8864852786064148,210.768798828125,163.7537384033203,0.9870256781578064
91,351.53759765625,112.44679260253906,0.12019865214824677,288.6041564941406,119.87896728515625,0.9207128882408142,222.9749298095703,113.71363830566406,0.8816546201705933,298.9035949707031,124.37460327148438,0.3735237717628479,282.8227844238281,131.00653076171875,0.4778505563735962,271.87408447265625,146.98915100097656,0.9543516635894775,268.6117248535156,166.52020263671875,0.8401926159858704,292.7763977050781,128.1188507080078,0.4307767450809479,261.5638427734375,135.11981201171875,0.9763863682746887,236.77645874023438,150.51914978027344,0.8929520845413208,213.90013122558594,164.14048767089844,0.9791098833084106
92,351.9076843261719,110.39594268798828,0.2033390998840332,290.84112548828125,117.84857177734375,0.9784088134765625,225.0660858154297,111.8021240234375,0.8767544031143188,300.546630859375,123.86570739746094,0.3186491131782532,286.57232666015625,126.8814697265625,0.3688487708568573,273.331298828125,146.04037475585938,0.9337592124938965,268.3310852050781,167.1150360107422,0.8931703567504883,295.5624694824219,126.38035583496094,0.3305928409099579,263.3597717285156,133.88340759277344,0.9610182046890259,239.89410400390625,149.89251708984375,0.8823980689048767,216.7843780517578,163.78395080566406,0.9723251461982727
93,353.447265625,108.13021850585938,0.3766988217830658,293.4429931640625,115.29402923583984,0.9588394165039062,227.2776336669922,111.00377655029297,0.9785215854644775,303.9547119140625,120.37126922607422,0.26363545656204224,289.5678405761719,126.29817962646484,0.4441641569137573,274.78759765625,145.5079803466797,0.8679181933403015,268.19085693359375,167.2335205078125,0.9392771124839783,299.724365234375,123.90408325195312,0.27176299691200256,269.0774841308594,132.3573760986328,0.9898708462715149,244.48681640625,148.07766723632812,0.9019434452056885,220.234619140625,163.4488067626953,0.9581760168075562
94,354.8746337890625,105.83024597167969,0.27521812915802,299.12408447265625,112.31680297851562,0.9581717848777771,230.07135009765625,109.14864349365234,0.9817023277282715,309.45428466796875,117.29402923583984,0.08844315260648727,291.5988464355469,129.09628295898438,0.42693740129470825,278.9249572753906,145.05335998535156,0.7921596765518188,267.887939453125,166.8458251953125,0.9690291285514832,305.38409423828125,119.92784881591797,0.11670014262199402,271.0163879394531,131.7157440185547,0.975837767124176,247.86038208007812,147.92715454101562,0.8697276711463928,223.44900512695312,163.25405883789062,0.8627301454544067
95,355.7180480957031,103.67810821533203,0.09890633821487427,301.11517333984375,110.91020202636719,0.9744960069656372,233.0729217529297,107.53091430664062,0.9580526947975159,310.8701171875,116.51759338378906,0.053167618811130524,293.49395751953125,128.06491088867188,0.24903592467308044,281.1557922363281,144.52552795410156,0.7222738862037659,267.91790771484375,166.1867218017578,0.9680126905441284,307.0463562011719,117.73088073730469,0.1555192470550537,272.360595703125,130.28285217285156,0.9143663644790649,252.51785278320312,146.09503173828125,0.7359145879745483,227.62547302246094,161.7967987060547,0.9283765554428101
96,361.2562561035156,101.8488540649414,0.03662450984120369,305.3484802246094,109.43875122070312,0.9717803597450256,235.40814208984375,107.12293243408203,0.9720941781997681,314.5091552734375,115.5035629272461,0.2604255974292755,297.7109680175781,125.7752456665039,0.36107560992240906,283.1219482421875,144.47177124023438,0.7663065195083618,269.2547912597656,165.45921325683594,0.890538215637207,308.8492736816406,116.64513397216797,0.3033801019191742,275.740234375,128.4981689453125,0.7431463599205017,255.25369262695312,144.91038513183594,0.8491430878639221,230.51612854003906,161.9110107421875,0.9642226696014404
97,367.14361572265625,100.06595611572266,0.0804445743560791,307.59576416015625,107.8836669921875,0.9777365326881409,238.58163452148438,105.46615600585938,0.9515594244003296,316.1353759765625,115.0037612915039,0.2189446985721588,299.1028747558594,126.50173950195312,0.4881064295768738,284.500732421875,144.96664428710938,0.7566806077957153,271.9279479980469,165.05654907226562,0.8841714859008789,310.2816467285156,116.0180892944336,0.3877367079257965,278.74676513671875,126.48770904541016,0.7394897937774658,258.0693054199219,144.69154357910156,0.9086896777153015,233.03091430664062,161.66131591796875,0.974949836730957
98,367.9006652832031,98.81188201904297,0.163040429353714,309.43353271484375,107.1361312866211,0.9725931286811829,241.02711486816406,103.76114654541016,0.9087499380111694,318.1568603515625,114.4951400756836,0.1513412743806839,301.08807373046875,125.98694610595703,0.5970253348350525,287.2133483886719,142.06398010253906,0.7453071475028992,273.06793212890625,164.6856231689453,0.8810611367225647,314.274658203125,114.33128356933594,0.5174261331558228,283.6984558105469,124.87696075439453,0.6719684600830078,259.74169921875,143.55642700195312,0.9534821510314941,235.92910766601562,160.72552490234375,0.9726154804229736
99,369.60296630859375,97.6960220336914,0.2646794021129608,311.04510498046875,106.75078582763672,0.8760790228843689,243.01856994628906,103.05445861816406,0.9718868136405945,320.2779235839844,114.03372955322266,0.05024192854762077,303.70709228515625,124.41858673095703,0.42965394258499146,288.71112060546875,141.60693359375,0.828694760799408,273.9663391113281,163.5786895751953,0.7610452175140381,316.44427490234375,113.53146362304688,0.39852607250213623,286.240478515625,122.84428405761719,0.7220537066459656,261.4404602050781,142.75975036621094,0.9737366437911987,238.2493896484375,159.4197235107422,0.973760724067688
100,370.4869384765625,94.7728042602539,0.370890349149704,315.5935974121094,103.91305541992188,0.8216513395309448,245.69053649902344,101.97673034667969,0.9552977681159973,324.1602478027344,108.67426300048828,0.04901384934782982,306.0412292480469,122.17156982421875,0.2793872654438019,291.76568603515625,141.07704162597656,0.7733561396598816,275.0704345703125,162.16604614257812,0.676314115524292,318.78564453125,112.65735626220703,0.15430201590061188,289.41705322265625,120.50407409667969,0.47464659810066223,263.6905822753906,142.566650390625,0.9784142971038818,241.74325561523438,158.54754638671875,0.9851217269897461
101,372.0044860839844,92.89816284179688,0.24368776381015778,317.463623046875,102.83902740478516,0.9178709387779236,248.83946228027344,101.12327575683594,0.9296133518218994,326.49090576171875,107.75946807861328,0.07702115178108215,308.08489990234375,121.9307632446289,0.14103594422340393,294.2690734863281,139.0210723876953,0.5693215131759644,277.57952880859375,161.62503051757812,0.8839123249053955,323.4165344238281,108.58489990234375,0.2438148558139801,291.2994384765625,119.89835357666016,0.7337722778320312,265.9590148925781,141.83628845214844,0.9885513782501221,244.83642578125,157.35879516601562,0.995130181312561
102,375.9269714355469,92.06336975097656,0.09401105344295502,320.79583740234375,101.1290054321289,0.9536995887756348,251.11935424804688,100.68553161621094,0.9640535712242126,330.6020812988281,104.62556457519531,0.08943376690149307,310.3401184082031,119.13075256347656,0.14386649429798126,298.46630859375,139.20787048339844,0.780756413936615,281.3399353027344,159.38690185546875,0.7551072239875793,325.2403259277344,107.45680236816406,0.4261781573295593,293.85906982421875,118.00476837158203,0.7877669930458069,269.5792541503906,141.26449584960938,0.9765576720237732,247.10494995117188,156.7855224609375,0.9924497604370117
103,383.1363220214844,89.35359954833984,0.03771005943417549,323.8213195800781,99.7578125,0.9873762130737305,253.81097412109375,99.49475860595703,0.975167453289032,332.784912109375,104.45428466796875,0.4475955367088318,314.547119140625,118.85066223144531,0.3519347310066223,300.2204895019531,137.3651123046875,0.7890456914901733,282.6201171875,157.7218017578125,0.8907692432403564,327.4864807128906,106.26432800292969,0.6021276712417603,299.5643615722656,117.23960876464844,0.7510952353477478,272.863525390625,140.72535705566406,0.9229837656021118,250.00885009765625,156.39886474609375,0.9854044318199158
104,383.9181213378906,86.37326049804688,0.2840611934661865,326.0242004394531,98.5757064819336,0.9859075546264648,255.88577270507812,98.74302673339844,0.9633879661560059,334.629638671875,103.49911499023438,0.30910202860832214,316.23846435546875,117.65421295166016,0.3630906939506531,302.1621398925781,136.97581481933594,0.6678614020347595,285.3012390136719,155.80740356445312,0.7894654273986816,331.1965026855469,104.57502746582031,0.7621088624000549,301.8503723144531,116.41920471191406,0.9444787502288818,275.5043640136719,140.2118377685547,0.9259591102600098,253.31307983398438,155.5689697265625,0.9902291297912598
105,385.2779235839844,84.72783660888672,0.32017454504966736,326.7381896972656,97.12796783447266,0.9710116982460022,257.9256286621094,98.24468231201172,0.9818484783172607,336.15045166015625,102.66573333740234,0.13928937911987305,319.33953857421875,115.98234558105469,0.45658639073371887,304.9523620605469,134.2620391845703,0.5539960861206055,289.4844665527344,151.74270629882812,0.4680866003036499,332.26373291015625,104.42896270751953,0.7474584579467773,303.1015930175781,115.17951202392578,0.9705393314361572,277.9189758300781,139.12466430664062,0.851246178150177,255.17520141601562,154.3192901611328,0.9689093828201294
106,386.5280456542969,83.33536529541016,0.24211357533931732,331.1210632324219,94.65707397460938,0.961500346660614,260.4499206542969,97.15979766845703,0.9716526865959167,340.7516174316406,100.36934661865234,0.03289826214313507,322.57098388671875,114.94896697998047,0.33402177691459656,306.1850280761719,133.06898498535156,0.5090221762657166,290.6412658691406,149.36306762695312,0.7182026505470276,334.8259582519531,101.68626403808594,0.4263732135295868,306.1217346191406,113.18075561523438,0.9232476949691772,279.8695373535156,138.3561553955078,0.9021668434143066,257.7534484863281,152.91183471679688,0.9797385931015015
107,387.9944763183594,82.3962631225586,0.18020662665367126,333.2966003417969,93.04541015625,0.9527273178100586,262.7721862792969,95.99299621582031,0.90727299451828,342.0627136230469,99.02667236328125,0.014987706206738949,324.9753723144531,113.99241638183594,0.15330146253108978,308.9877014160156,130.70281982421875,0.33958762884140015,291.44482421875,147.36585998535156,0.7062021493911743,338.0663757324219,100.1048812866211,0.3890368342399597,307.7855224609375,112.02629089355469,0.9601662755012512,281.9021911621094,135.39910888671875,0.8846862316131592,260.2974853515625,151.98605346679688,0.9804978370666504
108,391.86956787109375,82.32778930664062,0.1164855882525444,336.1003723144531,91.70894622802734,0.7718903422355652,266.08831787109375,95.32154083251953,0.9689474105834961,345.87969970703125,98.14018249511719,0.039438698440790176,326.86151123046875,113.53126525878906,0.15782715380191803,313.4344787597656,130.54278564453125,0.7139087915420532,292.17657470703125,146.43673706054688,0.7018729448318481,339.8262634277344,99.53301239013672,0.3431573510169983,310.66937255859375,111.57315063476562,0.8655173778533936,283.9075012207031,134.3643798828125,0.9707658290863037,261.8326416015625,150.22897338867188,0.9863966107368469
109,389.3984680175781,79.78071594238281,0.15082381665706635,339.4993896484375,90.39576721191406,0.8720033168792725,268.4725646972656,94.55075073242188,0.9895344376564026,347.2083740234375,97.64327239990234,0.09089244157075882,330.5768127441406,110.23845672607422,0.47204384207725525,314.49542236328125,127.15237426757812,0.7305169105529785,293.5193786621094,145.5744171142578,0.6609053015708923,341.3800048828125,98.6570053100586,0.32013246417045593,313.5613098144531,109.83177185058594,0.9408116936683655,285.52777099609375,132.75942993164062,0.9715737104415894,263.1621398925781,148.753662109375,0.9911139607429504
110,399.7335205078125,76.36901092529297,0.47012531757354736,341.2821350097656,89.82463836669922,0.8964077830314636,271.50714111328125,93.0730209350586,0.9775916337966919,349.2467956542969,94.4312515258789,0.05980374291539192,333.0924987792969,108.74850463867188,0.6492904424667358,316.1257019042969,124.61117553710938,0.89365154504776,296.7718811035156,141.64361572265625,0.7341925501823425,345.84002685546875,97.59800720214844,0.27926525473594666,316.50799560546875,108.86109161376953,0.9510650634765625,287.9098815917969,131.75389099121094,0.9463622570037842,265.6769104003906,147.04977416992188,0.9953408241271973
111,400.38543701171875,75.27936553955078,0.5630219578742981,343.931396484375,89.6995849609375,0.7991535663604736,273.4031066894531,92.10321044921875,0.9863947629928589,352.50830078125,94.02659606933594,0.03256719559431076,334.6194763183594,107.08311462402344,0.5065822601318359,317.82958984375,123.5582046508789,0.8545893430709839,298.64117431640625,140.4532012939453,0.9194599986076355,348.6557922363281,96.86079406738281,0.30210068821907043,319.2848205566406,107.61455535888672,0.9270784258842468,290.3687438964844,130.3184051513672,0.9763363599777222,267.78204345703125,145.0458984375,0.9890505075454712
112,401.9351501464844,72.29838562011719,0.4153602123260498,348.3130798339844,87.57535552978516,0.914181113243103,275.5101318359375,91.41499328613281,0.9880577325820923,356.5566101074219,91.38981628417969,0.022048672661185265,337.5101623535156,106.27234649658203,0.22018148005008698,322.6462707519531,124.76239776611328,0.7468473315238953,299.8099670410156,138.94261169433594,0.8644345998764038,351.17645263671875,93.66675567626953,0.2106148600578308,324.4250793457031,106.04580688476562,0.9391592741012573,292.5789794921875,129.35667419433594,0.9658396244049072,268.4142150878906,143.46539306640625,0.9537500143051147
113,403.08221435546875,70.09951782226562,0.4277302622795105,352.1982116699219,85.41592407226562,0.8620315194129944,278.1290588378906,91.0258560180664,0.9759562015533447,358.38067626953125,87.14168548583984,0.01003054529428482,340.54840087890625,103.10880279541016,0.04878745228052139,326.9587097167969,119.86248016357422,0.5703418850898743,302.1751708984375,138.06060791015625,0.8376365303993225,356.24298095703125,90.68000030517578,0.3814883232116699,325.68597412109375,103.95673370361328,0.9026060700416565,294.6954345703125,128.64657592773438,0.91839200258255,270.668212890625,141.84580993652344,0.9542409181594849
114,404.50347900390625,69.01890563964844,0.44857925176620483,354.8302001953125,84.57418060302734,0.9702224135398865,281.6430358886719,91.1381607055664,0.969154417514801,363.17596435546875,86.57792663574219,0.027436722069978714,345.4582824707031,102.8831558227539,0.05828123167157173,328.877685546875,118.77941131591797,0.7148879170417786,305.9974670410156,139.215087890625,0.862931489944458,358.4035339355469,89.91121673583984,0.529961884021759,327.09576416015625,102.57872772216797,0.8868614435195923,298.0618591308594,126.91552734375,0.9541109204292297,274.3498229980469,141.33908081054688,0.9864190220832825
115,408.7897644042969,68.06195068359375,0.22217315435409546,356.58258056640625,83.71713256835938,0.9904273748397827,284.30316162109375,89.72526550292969,0.9788156747817993,364.5933532714844,86.72697448730469,0.24510468542575836,347.1522521972656,101.51725006103516,0.16297613084316254,331.13873291015625,117.90758514404297,0.7380292415618896,307.6055908203125,138.28646850585938,0.843883752822876,362.4216613769531,89.06546020507812,0.7795531749725342,332.0804443359375,103.2010269165039,0.9333706498146057,300.18255615234375,126.51018524169922,0.9644365310668945,277.2699279785156,140.16842651367188,0.988135576248169
116,409.96820068359375,67.49346923828125,0.19339892268180847,357.76312255859375,82.2278060913086,0.987571120262146,287.18658447265625,88.75469970703125,0.9270291328430176,365.9848937988281,86.90594482421875,0.3389027714729309,348.07110595703125,100.15560913085938,0.2483006715774536,332.3927001953125,117.15038299560547,0.7602066993713379,308.8860778808594,136.3771514892578,0.724280834197998,363.3608093261719,89.18663024902344,0.8546955585479736,334.5676574707031,102.27948760986328,0.9821279048919678,303.3145751953125,125.149658203125,0.9342454075813293,280.0458068847656,139.25131225585938,0.9825854301452637
117,415.8806457519531,65.49662780761719,0.19984589517116547,359.27813720703125,81.85301971435547,0.9625238180160522,289.5420227050781,87.4992446899414,0.9574607014656067,367.2506103515625,86.51535034179688,0.15061141550540924,351.2182312011719,98.92805480957031,0.4163944125175476,336.25958251953125,116.74823760986328,0.5757808089256287,311.333740234375,131.6557159423828,0.5250397324562073,364.3933410644531,89.02733612060547,0.7545173168182373,336.9454650878906,101.03504943847656,0.9724595546722412,305.77069091796875,123.95626068115234,0.9664910435676575,281.8778991699219,138.3982391357422,0.9919376969337463
118,415.986572265625,63.7476806640625,0.4656273424625397,363.2526550292969,80.9368896484375,0.9144588112831116,291.51690673828125,86.78720092773438,0.9650516510009766,368.6444396972656,85.47906494140625,0.034608036279678345,354.1886291503906,98.55552673339844,0.31849491596221924,338.6809387207031,115.87801361083984,0.4460912346839905,315.702392578125,130.7325439453125,0.6123908162117004,365.90911865234375,88.31331634521484,0.3101919889450073,339.7897033691406,99.39857482910156,0.9786677956581116,309.3934631347656,122.95417785644531,0.9536927342414856,284.6560363769531,136.8973846435547,0.9883883595466614
119,416.9266662597656,62.6672248840332,0.7985878586769104,365.10296630859375,77.4173583984375,0.9199633002281189,293.5060119628906,85.88282012939453,0.9602993130683899,373.44293212890625,83.17262268066406,0.030008720234036446,357.317626953125,94.94351959228516,0.1687902808189392,343.06005859375,112.85618591308594,0.26121488213539124,317.4134521484375,126.15763854980469,0.7925078868865967,369.72845458984375,84.62550354003906,0.31958502531051636,341.3253479003906,98.2136001586914,0.9684600234031677,311.90777587890625,121.1905746459961,0.9671909809112549,287.2821960449219,136.2149200439453,0.9747439026832581
120,418.5195617675781,62.18243408203125,0.8435091972351074,367.6862487792969,76.62879943847656,0.8970804214477539,296.8926696777344,85.16275787353516,0.90973961353302,377.2478942871094,82.73014068603516,0.04099477082490921,360.7777404785156,94.7608642578125,0.3134898841381073,345.52337646484375,112.24212646484375,0.7492519021034241,319.668701171875,125.16107177734375,0.5028910040855408,371.1553955078125,84.32131958007812,0.39162784814834595,342.6210021972656,97.72587585449219,0.9294432401657104,314.1948547363281,119.74077606201172,0.9734212756156921,291.9596252441406,135.18389892578125,0.9650802612304688
121,419.4283142089844,60.91791915893555,0.671734631061554,371.1959228515625,76.05252075195312,0.9117154479026794,299.6171875,84.37418365478516,0.9763273000717163,378.2501220703125,82.07987976074219,0.08547937870025635,362.7613525390625,94.04595947265625,0.520273745059967,348.0784912109375,110.73695373535156,0.8365853428840637,323.7024841308594,123.6273422241211,0.5348138809204102,372.49176025390625,83.68597412109375,0.28239044547080994,346.2086486816406,96.52330780029297,0.9355513453483582,317.43896484375,119.38359069824219,0.9527856707572937,293.60223388671875,134.07186889648438,0.9817270040512085
122,419.8582458496094,59.66956329345703,0.27117252349853516,373.02423095703125,74.69361114501953,0.9398868680000305,302.4100036621094,83.71074676513672,0.9689202308654785,379.88360595703125,78.75665283203125,0.07423371076583862,365.3354187011719,93.86508178710938,0.6419733762741089,350.439697265625,110.03739929199219,0.7939348816871643,326.23516845703125,123.22010803222656,0.33174920082092285,376.4635925292969,82.2699966430664,0.30332785844802856,349.2235412597656,97.94657897949219,0.9144234657287598,320.4966735839844,118.13140869140625,0.9258917570114136,296.564208984375,133.67437744140625,0.9746283888816833
123,426.0642395019531,54.75220489501953,0.29828277230262756,374.7068786621094,73.83036804199219,0.9394095540046692,304.27020263671875,83.30399322509766,0.9621210098266602,381.9884033203125,78.23907470703125,0.09301312267780304,366.9277038574219,93.29802703857422,0.5224290490150452,352.7024841308594,108.90294647216797,0.66762375831604,329.9109191894531,123.05378723144531,0.48686546087265015,378.4970703125,81.81672668457031,0.35890865325927734,352.6668701171875,96.11865234375,0.8451297879219055,323.4515075683594,117.85167694091797,0.9720920324325562,299.8375549316406,132.6666259765625,0.9879775047302246
124,431.18365478515625,53.46078109741211,0.282384991645813,378.5048522949219,72.73553466796875,0.8357146978378296,306.5038146972656,82.07180786132812,0.9767932891845703,384.9141845703125,77.356201171875,0.06935892254114151,369.5859069824219,91.49815368652344,0.5848965644836426,356.133056640625,106.08515167236328,0.7356299757957458,333.05328369140625,122.66826629638672,0.17659419775009155,381.2066650390625,79.01624298095703,0.4640556573867798,354.6349792480469,97.0425033569336,0.8286808133125305,326.6163024902344,117.12332916259766,0.9353156089782715,302.6907043457031,131.71505737304688,0.975939154624939
125,431.49884033203125,52.19587326049805,0.3232423961162567,381.41876220703125,71.82365417480469,0.8019053339958191,308.7633972167969,81.24305725097656,0.9636638164520264,388.7685852050781,75.56745910644531,0.09575880318880081,371.8194885253906,91.23461151123047,0.6461777091026306,360.4188537597656,103.3538589477539,0.9283208250999451,333.9870300292969,114.70513916015625,0.06513533741235733,383.6343078613281,77.94438934326172,0.24932409822940826,357.0710754394531,96.58523559570312,0.8621987104415894,329.7937316894531,115.75121307373047,0.9603891968727112,305.789794921875,131.57421875,0.9688733220100403
126,432.62701416015625,51.16722869873047,0.5773963928222656,385.74969482421875,70.1396255493164,0.7761927247047424,312.4137878417969,80.86497497558594,0.9392915368080139,391.2658996582031,74.37381744384766,0.07152742147445679,374.3656921386719,89.90535736083984,0.312915563583374,362.5899658203125,102.2740707397461,0.9689884781837463,339.01910400390625,118.97990417480469,0.11049361526966095,389.2439270019531,75.52606964111328,0.45380493998527527,361.35076904296875,94.1579818725586,0.9569792151451111,332.7583312988281,115.98971557617188,0.9108489155769348,308.8192138671875,130.57444763183594,0.9829166531562805
127,434.0843811035156,50.23148727416992,0.7134153246879578,387.37762451171875,69.65612030029297,0.8606106638908386,314.871337890625,80.1274642944336,0.9881624579429626,395.1815490722656,73.86640167236328,0.055710338056087494,377.29193115234375,89.4022445678711,0.6003908514976501,363.90997314453125,102.39592742919922,0.949608325958252,341.11224365234375,118.45103454589844,0.09805281460285187,390.50543212890625,76.1340560913086,0.3721047341823578,362.66448974609375,94.14556884765625,0.9684632420539856,335.9312744140625,116.01737213134766,0.7917810082435608,311.2524108886719,130.33056640625,0.9528976082801819
128,434.1632080078125,49.60873794555664,0.49931570887565613,389.66314697265625,68.47311401367188,0.8760918974876404,317.737060546875,79.06120300292969,0.989425539970398,396.5888671875,71.38825988769531,0.1341748982667923,380.27520751953125,90.33065795898438,0.6830946207046509,365.81915283203125,102.23506927490234,0.8026663064956665,345.9052429199219,118.07182312011719,0.1208869144320488,394.0608215332031,75.0937728881836,0.2711006700992584,364.0199279785156,96.62553405761719,0.8028538227081299,338.9302673339844,115.46730041503906,0.8573293685913086,314.4457092285156,129.63186645507812,0.9747908115386963
129,435.31573486328125,46.57923889160156,0.44326052069664,394.65814208984375,68.43265533447266,0.7809767723083496,320.5189514160156,78.14542388916016,0.9675158262252808,399.8226623535156,71.75199127197266,0.05990128219127655,381.68463134765625,90.24662780761719,0.733379065990448,370.29913330078125,100.62879180908203,0.9117489457130432,348.9478759765625,111.96580505371094,0.15846054255962372,396.9050598144531,74.81810760498047,0.35521364212036133,369.7782897949219,93.73165130615234,0.5966854691505432,341.9048767089844,114.42922973632812,0.7726092338562012,317.7525939941406,128.2386474609375,0.8735184073448181
130,442.14971923828125,44.645973205566406,0.49398043751716614,396.4093933105469,68.16781616210938,0.8068028688430786,322.3397521972656,77.41529083251953,0.9818491339683533,404.53826904296875,70.29371643066406,0.02229643240571022,383.6719055175781,84.63446807861328,0.5684212446212769,371.9081115722656,98.24397277832031,0.936510443687439,351.4023742675781,111.2410888671875,0.1706063449382782,398.14599609375,74.71778106689453,0.18864978849887848,370.8850402832031,93.94929504394531,0.7355445623397827,345.1163024902344,114.18995666503906,0.6422648429870605,321.0811767578125,128.96839904785156,0.7076391577720642
131,444.68377685546875,43.09557342529297,0.7892955541610718,397.7974853515625,67.19892883300781,0.5547906160354614,324.2231140136719,76.92654418945312,0.9832947254180908,405.7276916503906,69.63089752197266,0.026860954239964485,386.6495361328125,84.45825958251953,0.6464296579360962,373.531005859375,97.88663482666016,0.848296582698822,352.1493835449219,110.88961791992188,0.08759599924087524,399.30487060546875,75.52867889404297,0.04291876032948494,372.5060119628906,94.14881134033203,0.7827436923980713,348.2669372558594,114.28060913085938,0.5056953430175781,324.03155517578125,127.49908447265625,0.7149083018302917
132,447.3517761230469,38.66404724121094,0.8303476572036743,401.4162292480469,65.36563110351562,0.4337955415248871,327.1919860839844,76.6678466796875,0.954544723033905,406.96051025390625,68.74393463134766,0.05437731742858887,389.0669250488281,82.91728210449219,0.6969430446624756,378.95220947265625,88.9643325805664,0.6482478976249695,361.31085205078125,109.29146575927734,0.17806607484817505,404.7452392578125,69.72727966308594,0.04992642626166344,375.73663330078125,92.51329040527344,0.7651313543319702,352.51605224609375,112.3947982788086,0.42964914441108704,326.6076965332031,126.96923065185547,0.4886019825935364
133,448.6086120605469,38.2045783996582,0.9127362966537476,403.1148986816406,65.09561920166016,0.48019737005233765,330.7124938964844,76.34736633300781,0.9875275492668152,413.3268127441406,64.04973602294922,0.07975124567747116,393.56927490234375,79.68709564208984,0.4447096586227417,380.365478515625,92.05007934570312,0.5773270726203918,363.83441162109375,109.33629608154297,0.5921489596366882,407.4359130859375,69.12015533447266,0.05039674788713455,377.9701843261719,92.53601837158203,0.6498905420303345,354.118896484375,113.10401153564453,0.6888473629951477,329.92340087890625,126.31011199951172,0.6622037887573242
134,450.9007568359375,38.23124694824219,0.9624267816543579,407.8155822753906,60.13813018798828,0.7839781045913696,333.5248107910156,75.43946838378906,0.9908689260482788,416.07708740234375,62.7370491027832,0.12542547285556793,398.1166687011719,76.71495819091797,0.32184815406799316,383.1291198730469,88.17626953125,0.3005462884902954,365.9600830078125,109.38896942138672,0.5317119359970093,411.9800109863281,67.0909194946289,0.15451523661613464,380.8978271484375,91.84822845458984,0.6922585964202881,356.5090026855469,110.6190414428711,0.7813104391098022,332.7366027832031,125.53410339355469,0.9065324664115906
135,452.3584289550781,36.36864471435547,0.9115158915519714,409.2818908691406,59.432151794433594,0.6778578758239746,336.22943115234375,74.73274230957031,0.9735533595085144,417.15313720703125,63.016014099121094,0.04515331983566284,400.16021728515625,76.7956771850586,0.29815638065338135,387.738037109375,91.3500747680664,0.362936407327652,368.4429626464844,108.23900604248047,0.2080693244934082,414.5601806640625,64.43770599365234,0.15180367231369019,383.3000793457031,91.8493423461914,0.5706105828285217,362.03204345703125,109.5141830444336,0.8810080289840698,335.5401611328125,124.31288146972656,0.9101501107215881
136,457.3191223144531,34.112579345703125,0.7466756105422974,412.0110778808594,59.101112365722656,0.7909780144691467,337.82080078125,74.1751708984375,0.9825464487075806,422.83984375,61.280521392822266,0.05154748260974884,402.5170593261719,76.16205596923828,0.4970729947090149,388.9493103027344,90.55873107910156,0.4508970081806183,372.1394348144531,107.11707305908203,0.1350378841161728,416.7484130859375,64.86190032958984,0.07768697291612625,387.72674560546875,87.83394622802734,0.381672739982605,363.8658752441406,109.46304321289062,0.8970736265182495,339.5118103027344,124.45035552978516,0.9007917642593384
137,458.887939453125,32.439701080322266,0.7990007996559143,414.434326171875,58.61626434326172,0.7819093465805054,339.6757507324219,73.83364868164062,0.969241738319397,423.9794006347656,61.21930694580078,0.05453069135546684,403.658447265625,75.82743835449219,0.5659386515617371,393.8350830078125,85.78237915039062,0.5639117360115051,376.22711181640625,106.7518310546875,0.19824829697608948,422.2123718261719,61.703914642333984,0.151725172996521,390.9954528808594,85.4518051147461,0.3048500120639801,365.46343994140625,108.8138427734375,0.6959049701690674,341.92864990234375,123.63874053955078,0.8250949382781982
138,460.389404296875,29.91411590576172,0.7790586948394775,417.18682861328125,57.67048645019531,0.7736629843711853,342.392822265625,73.23992156982422,0.8644540905952454,428.5907897949219,58.79490661621094,0.05053121969103813,405.3475341796875,75.97356414794922,0.36555057764053345,394.44659423828125,84.77864837646484,0.7363892793655396,376.95269775390625,106.78105926513672,0.2717050015926361,423.9339294433594,61.348976135253906,0.18323612213134766,391.9606628417969,84.83133697509766,0.51839280128479,369.5903015136719,109.12879943847656,0.7572962045669556,345.2211608886719,123.86746215820312,0.7365936636924744
139,461.790771484375,30.009355545043945,0.9164015650749207,420.27264404296875,56.18303298950195,0.8240096569061279,345.80682373046875,71.42098236083984,0.9385995864868164,429.4057922363281,59.25630569458008,0.05468989908695221,408.28271484375,75.75679016113281,0.2147531360387802,396.2416076660156,84.7011489868164,0.6776831746101379,378.5975646972656,107.15254211425781,0.5485460758209229,426.49462890625,59.815345764160156,0.22112628817558289,393.68743896484375,84.49146270751953,0.561232328414917,371.7996826171875,108.42596435546875,0.818657398223877,347.5562744140625,122.79634094238281,0.8753711581230164
140,464.2235107421875,31.345090866088867,0.9557583332061768,423.2785949707031,56.407508850097656,0.8335480093955994,348.9892578125,71.22349548339844,0.946286678314209,433.0968017578125,59.08108901977539,0.017942147329449654,411.2218322753906,76.29072570800781,0.1733163744211197,398.1252136230469,88.91951751708984,0.542934775352478,381.5826416015625,107.24183654785156,0.15819549560546875,429.7186584472656,59.951683044433594,0.31494754552841187,397.12005615234375,85.16790008544922,0.46809637546539307,374.9267883300781,108.03179931640625,0.9480754733085632,351.114501953125,121.94393920898438,0.8901267647743225
141,464.89593505859375,28.2466983795166,0.9230052828788757,424.6191101074219,56.14717483520508,0.7341399788856506,351.2279357910156,70.79102325439453,0.9415122866630554,434.0975341796875,59.36200714111328,0.024215305224061012,413.247802734375,76.20895385742188,0.11884916573762894,401.2369689941406,88.76322174072266,0.3931366503238678,383.8631896972656,106.165771484375,0.16186317801475525,430.5908508300781,60.103057861328125,0.32075852155685425,401.0053405761719,84.49024200439453,0.2411320060491562,377.32867431640625,106.9561996459961,0.9793899655342102,355.00592041015625,122.27993774414062,0.8670971393585205
142,465.9014892578125,28.176673889160156,0.984095573425293,429.115478515625,54.88298416137695,0.5716962218284607,353.31390380859375,70.4216537475586,0.9801510572433472,435.4104919433594,59.647430419921875,0.02131781354546547,416.7691345214844,73.55636596679688,0.2579103112220764,403.54486083984375,88.57887268066406,0.5038795471191406,387.97454833984375,105.95472717285156,0.08186051994562149,431.873046875,60.324623107910156,0.3956550061702728,403.20556640625,84.16963195800781,0.40603792667388916,379.99920654296875,106.6270523071289,0.8970863819122314,357.8204650878906,121.36398315429688,0.8571235537528992
143,468.08941650390625,27.966358184814453,0.9848810434341431,429.947265625,55.22233963012695,0.4674662947654724,355.72412109375,69.36227416992188,0.9902466535568237,437.67291259765625,57.64275360107422,0.01860121637582779,419.1891784667969,73.52841186523438,0.35781577229499817,405.4071960449219,88.26634979248047,0.5253344178199768,384.805908203125,98.08323669433594,0.09540311247110367,435.4993591308594,58.0420036315918,0.14428994059562683,405.2204895019531,84.25218963623047,0.3749561309814453,385.0091247558594,106.7677993774414,0.722621738910675,359.89593505859375,120.62229919433594,0.5902602672576904
144,470.3499450683594,26.561363220214844,0.9855790138244629,435.1039733886719,52.40952682495117,0.5579752922058105,358.3067626953125,69.2619857788086,0.9742544889450073,441.6776123046875,55.0778923034668,0.008428477682173252,422.7650451660156,69.56364440917969,0.15293939411640167,410.00762939453125,83.29855346679688,0.5852786302566528,393.76361083984375,102.0914535522461,0.08463191241025925,438.6710510253906,56.90671920776367,0.15952648222446442,408.58892822265625,82.16902923583984,0.6046591401100159,387.1468811035156,106.82923126220703,0.8271579742431641,363.0519104003906,120.68333435058594,0.6291204690933228
145,474.4749755859375,25.709697723388672,0.9808563590049744,436.44573974609375,51.90312194824219,0.6473749279975891,361.4330749511719,68.8011245727539,0.9699484705924988,444.7712097167969,52.454681396484375,0.007355380803346634,425.1802062988281,69.066650390625,0.0918378159403801,412.2962341308594,82.76995849609375,0.5532163381576538,395.8781433105469,101.41380310058594,0.27849653363227844,439.99969482421875,56.79209518432617,0.08753947913646698,411.9132080078125,79.3068618774414,0.7487481832504272,391.287109375,105.26044464111328,0.8801954984664917,366.055419921875,120.19097900390625,0.7004339098930359
146,476.4570007324219,24.866233825683594,0.9765823483467102,438.26202392578125,51.617958068847656,0.7547298669815063,364.0989990234375,68.3532485961914,0.9841336011886597,446.60986328125,52.0166130065918,0.020474353805184364,428.7276611328125,69.1795654296875,0.08586438745260239,417.2853088378906,81.58279418945312,0.37182843685150146,395.7991943359375,99.87799835205078,0.41390320658683777,444.39044189453125,53.098670959472656,0.27712395787239075,415.29290771484375,78.53085327148438,0.734844982624054,392.3716735839844,105.04300689697266,0.946418821811676,370.6664733886719,121.05435943603516,0.7686612606048584
147,479.40826416015625,23.30758285522461,0.924160361289978,440.03680419921875,50.718868255615234,0.5829212069511414,367.1625061035156,68.59547424316406,0.9719664454460144,448.3143005371094,52.261268615722656,0.03785831481218338,431.8017272949219,67.42447662353516,0.04750688374042511,420.0194091796875,81.63423919677734,0.4219663441181183,398.94708251953125,96.93380737304688,0.4555155336856842,445.9579162597656,53.09773254394531,0.5075328350067139,419.1800231933594,77.48152160644531,0.37586432695388794,394.8263244628906,105.48883056640625,0.9315015077590942,373.5032958984375,119.63117218017578,0.6924136877059937
148,481.3633728027344,24.82063865661621,0.9636794328689575,444.5907897949219,50.039947509765625,0.7642104029655457,368.78076171875,68.15904998779297,0.9820134043693542,450.3628845214844,52.75828552246094,0.027225274592638016,433.6761169433594,67.31867218017578,0.15211598575115204,421.8731689453125,81.55413055419922,0.4102379381656647,401.7747497558594,97.16790771484375,0.3498040735721588,448.082275390625,53.66272735595703,0.30103904008865356,422.7121887207031,76.79740142822266,0.49460816383361816,397.1596984863281,105.34941101074219,0.7968026995658875,375.66558837890625,119.36747741699219,0.4471976161003113
149,483.9951477050781,23.842748641967773,0.9493053555488586,446.2757873535156,50.538761138916016,0.5878508687019348,371.1013488769531,67.45685577392578,0.9919000864028931,456.4648742675781,47.05991744995117,0.009385915473103523,435.6074523925781,66.03706359863281,0.05158745124936104,426.0676574707031,79.81253814697266,0.18486323952674866,403.11370849609375,97.08136749267578,0.04161504656076431,452.99456787109375,51.51995849609375,0.07113903760910034,426.51214599609375,77.30364227294922,0.17091168463230133,402.6180419921875,103.38027954101562,0.6076840162277222,379.2532653808594,119.42304992675781,0.5614233613014221
150,485.5804443359375,19.84356117248535,0.919815719127655,448.061279296875,50.40443801879883,0.5266413688659668,373.73388671875,67.44355010986328,0.9804621934890747,457.08197021484375,47.160057067871094,0.01132069993764162,437.1790466308594,65.35469818115234,0.06873545795679092,427.21307373046875,79.2114486694336,0.21935515105724335,409.702392578125,98.51068115234375,0.022173607721924782,454.34234619140625,51.736183166503906,0.07605739682912827,428.1442565917969,77.21412658691406,0.3047015368938446,405.63330078125,102.824462890625,0.657464861869812,381.99139404296875,119.55329132080078,0.7186286449432373
151,488.9595031738281,19.424640655517578,0.9248430728912354,453.9338073730469,45.31987380981445,0.5296488404273987,376.73028564453125,67.21418762207031,0.9790760278701782,473.36480712890625,33.8945426940918,0.014385195448994637,440.262451171875,62.064937591552734,0.040979668498039246,429.4367370605469,70.37774658203125,0.33044612407684326,411.50177001953125,97.74871826171875,0.039984650909900665,458.3778381347656,49.575340270996094,0.08255661278963089,429.8438720703125,75.5853271484375,0.5087540149688721,409.59521484375,102.04119873046875,0.7194215655326843,387.0439758300781,119.23663330078125,0.4051953852176666
152,491.8797302246094,18.65952491760254,0.9695809483528137,454.25299072265625,47.90830612182617,0.36137667298316956,379.09661865234375,66.9732666015625,0.9876704216003418,463.3018493652344,46.08085632324219,0.014885247685015202,443.55169677734375,61.982242584228516,0.10406339168548584,433.3470764160156,71.52758026123047,0.13503015041351318,414.4089050292969,94.55351257324219,0.11087934672832489,459.960693359375,49.73347091674805,0.15961797535419464,432.846435546875,70.39563751220703,0.5739068984985352,411.1647033691406,101.94599914550781,0.8005598783493042,390.80926513671875,118.96784973144531,0.8035978078842163
153,494.3160095214844,17.512928009033203,0.9822481870651245,455.40899658203125,47.72114944458008,0.5020897388458252,382.2024230957031,67.38859558105469,0.9748468399047852,464.3662109375,46.63965606689453,0.03187437728047371,446.0342712402344,61.777198791503906,0.07218064367771149,435.394287109375,71.64578247070312,0.12984080612659454,417.1089782714844,94.68230438232422,0.3303941786289215,461.067626953125,50.4133415222168,0.3576713502407074,434.0541076660156,69.24111938476562,0.7144951820373535,413.3780517578125,101.59632110595703,0.7010679244995117,392.3996276855469,118.61412811279297,0.6130548715591431
154,496.8889465332031,16.00777816772461,0.9585959315299988,460.8451843261719,44.139625549316406,0.7391894459724426,384.2347412109375,66.52243041992188,0.9591061472892761,467.02496337890625,45.99579620361328,0.039046745747327805,451.09716796875,59.52279281616211,0.15011295676231384,439.7421569824219,71.12755584716797,0.13269005715847015,418.27197265625,94.49681854248047,0.14552514255046844,464.938720703125,47.40009307861328,0.4169158935546875,437.00341796875,69.46031951904297,0.5662346482276917,418.06365966796875,100.91101837158203,0.6359508037567139,395.86151123046875,119.27632904052734,0.8634529113769531
155,498.86053466796875,16.604562759399414,0.9359359741210938,461.70098876953125,44.17361068725586,0.8417943716049194,386.5372009277344,66.07501983642578,0.9871113896369934,467.96575927734375,45.8089485168457,0.04215582460165024,453.1393737792969,59.328948974609375,0.24613332748413086,442.0477600097656,71.49591064453125,0.1743897646665573,422.4063415527344,93.37931060791016,0.10837742686271667,465.5783386230469,46.944419860839844,0.3201422095298767,439.3106689453125,70.32182312011719,0.5139670372009277,420.6403503417969,100.57646179199219,0.8044227957725525,398.48040771484375,119.2608642578125,0.7328921556472778
156,500.9681091308594,16.354740142822266,0.8900159597396851,464.6168212890625,44.021663665771484,0.7031457424163818,389.15985107421875,66.09353637695312,0.9774982929229736,483.5498352050781,33.394004821777344,0.02385324239730835,453.770751953125,59.04617691040039,0.09573467075824738,443.7157897949219,69.59555053710938,0.1963520050048828,427.8610534667969,93.67813873291016,0.024739643558859825,471.08807373046875,44.307064056396484,0.09406126290559769,443.37744140625,70.26851654052734,0.28288334608078003,422.89337158203125,100.27249145507812,0.6300340294837952,404.1641540527344,118.96415710449219,0.5175721645355225
157,501.6353454589844,14.353826522827148,0.9630209803581238,467.5574645996094,43.780208587646484,0.5731697678565979,392.60650634765625,66.00899505615234,0.9582803845405579,485.1251525878906,34.09990692138672,0.024492889642715454,455.9807434082031,59.12464141845703,0.10630473494529724,445.2903137207031,69.00608825683594,0.17562556266784668,429.63409423828125,92.35855865478516,0.11999435722827911,474.7877197265625,42.78190612792969,0.17174634337425232,446.30438232421875,69.44259643554688,0.6057400703430176,427.7301940917969,97.70005798339844,0.7695624828338623,407.196044921875,118.38704681396484,0.8418674468994141
158,502.98333740234375,13.563148498535156,0.9680313467979431,470.5359191894531,41.30819320678711,0.4743085503578186,395.20123291015625,65.77690124511719,0.9753134846687317,477.5540466308594,42.90793991088867,0.03316199406981468,458.3089294433594,59.777400970458984,0.34013471007347107,448.3543395996094,69.34236145019531,0.09537745267152786,432.284423828125,91.85206604003906,0.3032953441143036,476.0240478515625,43.35923767089844,0.2597399055957794,448.093994140625,69.52896118164062,0.6655535101890564,429.8354797363281,97.71514892578125,0.7775729894638062,409.93743896484375,118.44161987304688,0.8975317478179932
159,506.7799987792969,12.460968017578125,0.95339035987854,472.7185974121094,41.445404052734375,0.323779433965683,398.15203857421875,65.49588012695312,0.9685415625572205,479.70623779296875,43.17780303955078,0.012544005177915096,460.68487548828125,60.44207763671875,0.2838599681854248,449.86944580078125,69.9427490234375,0.15335476398468018,433.6551208496094,91.06578063964844,0.27608218789100647,478.0765075683594,43.861671447753906,0.31074953079223633,450.9623718261719,68.4465103149414,0.4560970366001129,433.8853759765625,95.24877166748047,0.941838264465332,413.4356689453125,119.15303039550781,0.8934588432312012
160,508.6722106933594,11.60081672668457,0.9864181876182556,476.0851745605469,40.699745178222656,0.35512012243270874,400.0616149902344,65.1066665649414,0.9373869299888611,480.92913818359375,43.30841064453125,0.025172973051667213,464.16461181640625,58.461692810058594,0.12906596064567566,453.0832214355469,67.8167495727539,0.09908928722143173,435.6464538574219,87.76722717285156,0.1884131282567978,479.0487976074219,44.11273193359375,0.4936659634113312,453.2415466308594,68.68304443359375,0.5004863142967224,436.3189392089844,95.99290466308594,0.9321848154067993,417.1656494140625,118.57939147949219,0.9192816019058228
161,510.2742919921875,11.159238815307617,0.9764307141304016,477.58013916015625,40.79520034790039,0.5436738729476929,402.4046325683594,65.09687805175781,0.9621168971061707,482.037109375,42.688209533691406,0.0428573302924633,467.0009460449219,58.095458984375,0.2427908331155777,456.26416015625,67.59601593017578,0.17567969858646393,437.236572265625,88.8526611328125,0.06536553800106049,480.4582824707031,43.68515396118164,0.41304439306259155,455.3795166015625,68.44508361816406,0.44647765159606934,441.3207092285156,95.29476165771484,0.9323968887329102,420.9446716308594,118.2002182006836,0.9160094261169434
162,511.4422607421875,10.712032318115234,0.9538318514823914,479.36859130859375,41.36977767944336,0.6414029002189636,405.1116027832031,65.0609359741211,0.9649198651313782,482.8703308105469,43.50957489013672,0.05375322699546814,469.1669006347656,56.834049224853516,0.1622779369354248,458.88714599609375,66.6675033569336,0.241292804479599,442.1710205078125,88.4769058227539,0.02483731508255005,481.3986511230469,44.46781921386719,0.4202731251716614,459.65875244140625,66.62090301513672,0.5074855089187622,443.8005065917969,95.96817779541016,0.9189555048942566,422.94183349609375,117.93400573730469,0.9566406607627869
163,512.0670166015625,10.124649047851562,0.8824028968811035,480.96685791015625,42.088340759277344,0.7350454330444336,408.00927734375,65.52054595947266,0.9407152533531189,483.07086181640625,43.72732162475586,0.07504669576883316,470.84429931640625,55.48179244995117,0.0683819055557251,460.2617492675781,66.55595397949219,0.24282024800777435,445.0353088378906,82.56620788574219,0.07909779995679855,481.84552001953125,44.84770965576172,0.4044472575187683,462.3616943359375,67.4083251953125,0.2846144437789917,446.4115905761719,96.02130889892578,0.9182558655738831,426.3262023925781,117.68557739257812,0.9761853814125061
164,515.5541381835938,9.768874168395996,0.7816340327262878,483.442138671875,41.06850814819336,0.601321816444397,410.8262023925781,65.35717010498047,0.9594881534576416,484.5727844238281,43.48988342285156,0.04741491749882698,472.0476989746094,56.22178268432617,0.06407638639211655,461.3623352050781,66.89552307128906,0.13945408165454865,447.3627624511719,83.74435424804688,0.05967353656888008,487.0556640625,43.05282211303711,0.34230849146842957,465.5259094238281,62.5512580871582,0.4966595768928528,450.6041259765625,92.65886688232422,0.9049277901649475,429.62469482421875,117.8779067993164,0.9803158640861511
165,517.0846557617188,9.133849143981934,0.47565823793411255,487.2433776855469,39.72770309448242,0.595957338809967,413.62841796875,65.08450317382812,0.9580952525138855,508.60003662109375,7.646656036376953,0.006207078229635954,474.79901123046875,56.99424743652344,0.15024447441101074,465.1667175292969,67.91313934326172,0.05526825040578842,450.06915283203125,81.16444396972656,0.05906703695654869,492.0433654785156,41.691375732421875,0.1599886417388916,468.2189636230469,63.58173370361328,0.6527578234672546,453.1609191894531,93.18949890136719,0.8809873461723328,434.3650207519531,117.0232925415039,0.933281660079956
166,522.5468139648438,4.428648948669434,0.3421618640422821,489.050537109375,38.82810592651367,0.4738083481788635,415.6366882324219,64.99916076660156,0.8727641701698303,494.5211486816406,41.303340911865234,0.008216031827032566,477.78656005859375,56.34758758544922,0.1752873659133911,466.4302062988281,68.602783203125,0.1256106048822403,452.1441650390625,81.15084075927734,0.03339768201112747,493.3338623046875,41.94343948364258,0.2628825902938843,469.0207214355469,63.3292121887207,0.6041895151138306,456.6155090332031,90.84529113769531,0.8437458276748657,437.0319519042969,117.27578735351562,0.9564481377601624
167,524.01904296875,4.125515937805176,0.44724997878074646,491.865966796875,39.24089813232422,0.46175941824913025,418.299560546875,64.89608764648438,0.9334491491317749,495.7718505859375,41.343719482421875,0.013157578185200691,481.2217712402344,54.7110595703125,0.045183416455984116,467.6388854980469,73.99281311035156,0.08007565885782242,459.12457275390625,79.07430267333984,0.05845674127340317,494.3216247558594,42.14558410644531,0.3407677710056305,471.5034484863281,63.87683868408203,0.2432565838098526,458.4758605957031,91.38198852539062,0.8759511113166809,439.0811767578125,116.94974517822266,0.9810703992843628
168,524.6983642578125,3.625737190246582,0.4444839656352997,493.3241271972656,39.96434783935547,0.6281472444534302,420.793701171875,65.10930633544922,0.963425874710083,497.102294921875,41.569114685058594,0.018269233405590057,483.57403564453125,53.06883239746094,0.028788084164261818,472.8760070800781,64.46097564697266,0.08270534873008728,460.5212707519531,78.4006118774414,0.15261390805244446,495.47894287109375,42.946685791015625,0.2731517553329468,476.0572814941406,66.38351440429688,0.6107129454612732,461.4633483886719,92.15425109863281,0.9028517007827759,442.8587341308594,116.84652709960938,0.9805272817611694
169,524.7529296875,3.525750160217285,0.3174467384815216,496.4412841796875,40.71894073486328,0.6572046875953674,423.3162841796875,65.73355865478516,0.9318006634712219,498.1141662597656,42.615623474121094,0.01424679346382618,485.6556701660156,53.11418151855469,0.018341409042477608,476.2540588378906,64.29827880859375,0.08229360729455948,463.4521789550781,77.49232482910156,0.0665893703699112,496.8472900390625,44.297306060791016,0.12568774819374084,479.341064453125,65.32611083984375,0.573627233505249,467.38580322265625,86.31546783447266,0.863292396068573,445.0355224609375,116.48995208740234,0.9877567291259766
170,525.3154296875,3.4285478591918945,0.37073206901550293,498.4393005371094,41.4793701171875,0.768652617931366,426.94342041015625,65.5713119506836,0.9656646251678467,499.03863525390625,43.2274169921875,0.03545328602194786,488.6050109863281,49.27660369873047,0.032100070267915726,478.5516662597656,64.8839111328125,0.03839283809065819,467.7299499511719,75.65235900878906,0.08482818305492401,501.85882568359375,42.94092559814453,0.19834238290786743,480.51837158203125,62.38292694091797,0.686764121055603,470.48480224609375,86.72293090820312,0.7237438559532166,449.9059753417969,115.55387115478516,0.9729391932487488
171,524.8297119140625,3.9065558910369873,0.36558598279953003,500.5728454589844,38.0443000793457,0.7169510126113892,429.7264404296875,65.33760833740234,0.9698073863983154,500.1942138671875,43.343753814697266,0.010842187330126762,490.6205749511719,48.69725036621094,0.01648782752454281,480.4628601074219,65.82654571533203,0.02831565961241722,472.53826904296875,75.14217376708984,0.07533736526966095,503.98614501953125,43.238914489746094,0.08259602636098862,483.9501953125,60.9333610534668,0.6204186081886292,473.5006408691406,83.44481658935547,0.6016638278961182,453.35662841796875,115.82649230957031,0.9768417477607727
172,524.9114379882812,3.3836021423339844,0.14034268260002136,503.0257873535156,36.831947326660156,0.6878877282142639,431.7730712890625,65.84355163574219,0.9285342693328857,510.0517272949219,36.79143142700195,0.003317110938951373,492.7457275390625,51.65260314941406,0.005434556398540735,482.11285400390625,65.46858215332031,0.06502705067396164,474.5082092285156,76.24464416503906,0.08614415675401688,509.38360595703125,38.60171890258789,0.05481049045920372,485.2954406738281,62.085601806640625,0.6180292963981628,474.6483154296875,85.04386138916016,0.5843427777290344,456.2008361816406,115.79093170166016,0.9738023281097412
173,525.2550659179688,2.9632396697998047,0.05012211203575134,508.2257995605469,35.483211517333984,0.6641236543655396,434.0216369628906,65.98413848876953,0.9447755217552185,512.4458618164062,35.718353271484375,0.00970886554569006,496.37762451171875,52.11943054199219,0.0037616451736539602,488.552978515625,60.0500602722168,0.05956229567527771,477.3821105957031,76.89691925048828,0.07559210062026978,511.91485595703125,37.54043197631836,0.14485765993595123,487.9513854980469,61.23040008544922,0.44184407591819763,480.46295166015625,83.09286499023438,0.6076410412788391,459.2900695800781,115.39198303222656,0.9866346120834351
174,524.6723022460938,4.485926151275635,0.015427038073539734,509.6454772949219,36.670326232910156,0.88626629114151,436.5948181152344,65.98037719726562,0.9682151079177856,513.496826171875,36.842960357666016,0.03044656291604042,498.2850341796875,47.820892333984375,0.0049790795892477036,490.1289367675781,59.38139343261719,0.05001576989889145,479.5533142089844,77.22416687011719,0.04538512974977493,513.031005859375,38.38339614868164,0.3020957112312317,492.1025695800781,60.571468353271484,0.31198063492774963,482.1440124511719,83.1252212524414,0.809626579284668,461.42022705078125,115.08206176757812,0.9864420890808105
175,514.2822875976562,20.525638580322266,0.00823470763862133,511.3968505859375,37.42792510986328,0.8798513412475586,439.9010314941406,66.48258972167969,0.9582375288009644,514.817138671875,37.327674865722656,0.012248288840055466,502.0784606933594,43.03803253173828,0.010853608138859272,492.69293212890625,59.994754791259766,0.07149046659469604,483.19403076171875,73.83958435058594,0.011155731976032257,513.9339599609375,39.24760437011719,0.15438543260097504,494.3628845214844,60.76376724243164,0.45195963978767395,484.4245300292969,84.25428009033203,0.695560872554779,465.3768310546875,114.33872985839844,0.9641603827476501
176,539.7298583984375,1.4446492195129395,0.019242774695158005,514.7586669921875,36.92375183105469,0.7327827215194702,442.39923095703125,66.84342956542969,0.9779976010322571,516.0192260742188,37.419979095458984,0.006323694717139006,504.88433837890625,42.77400207519531,0.0076751261949539185,494.64776611328125,60.40899658203125,0.03684026747941971,489.1480712890625,68.07012176513672,0.03316129744052887,517.561279296875,41.55898666381836,0.065742127597332,497.0644226074219,60.47684860229492,0.36494866013526917,489.7381591796875,81.3035659790039,0.23252667486667633,468.55322265625,114.39856719970703,0.9677923321723938
177,539.5213012695312,2.022998332977295,0.037321824580430984,516.8515625,36.947425842285156,0.9227370619773865,445.0773010253906,66.7548599243164,0.9754995107650757,520.0162353515625,36.52946472167969,0.010582275688648224,506.0954284667969,43.49140548706055,0.008937190286815166,496.3033142089844,65.49085235595703,0.03858958184719086,490.7389831542969,75.6638412475586,0.03969849273562431,522.8248291015625,36.6578483581543,0.0923757255077362,498.2319641113281,60.824607849121094,0.399758517742157,490.6484680175781,83.69891357421875,0.38572874665260315,472.1972961425781,114.70907592773438,0.9730020761489868
178,539.3242797851562,2.157106399536133,0.055821847170591354,519.547607421875,35.831939697265625,0.8797796964645386,447.6964111328125,67.30533599853516,0.9305989742279053,526.3809814453125,34.98136901855469,0.007784789428114891,508.4504089355469,44.75986862182617,0.002165839308872819,498.42327880859375,64.53143310546875,0.03854278847575188,493.438232421875,77.30725860595703,0.057896941900253296,525.5648193359375,37.09501647949219,0.31625500321388245,501.5092468261719,59.49927520751953,0.44919633865356445,491.4784851074219,85.2730712890625,0.3484269678592682,474.9502868652344,114.49575805664062,0.9844020009040833
179,539.4495239257812,2.5703299045562744,0.08961369842290878,524.7056274414062,34.133872985839844,0.7836653590202332,450.149658203125,67.3880386352539,0.9606024622917175,528.8543090820312,31.63812255859375,0.00434218579903245,514.7061767578125,37.31687545776367,0.00047362330951727927,504.5630798339844,58.76474380493164,0.009473525919020176,494.3369445800781,77.2934799194336,0.014574145898222923,527.7250366210938,36.758094787597656,0.24357081949710846,503.964599609375,58.031166076660156,0.1427156627178192,496.8385009765625,82.64502716064453,0.29154282808303833,477.0003662109375,113.65060424804688,0.981293261051178
180,538.8496704101562,3.5377988815307617,0.044379185885190964,525.2645874023438,34.881629943847656,0.8864734768867493,452.5765075683594,67.12853240966797,0.9635933041572571,529.2543334960938,31.550186157226562,0.006635459139943123,523.783935546875,28.03487777709961,0.0002833868784364313,506.9311828613281,58.408634185791016,0.011492185294628143,504.7980041503906,64.03878021240234,0.007790274918079376,528.2034301757812,37.05376052856445,0.21660687029361725,505.8004455566406,57.861427307128906,0.0533769391477108,499.4487609863281,82.93910217285156,0.2947467863559723,480.7584228515625,112.58502197265625,0.959400475025177
181,538.5283813476562,4.684077262878418,0.033866994082927704,526.6741943359375,35.62685012817383,0.9047994017601013,455.89617919921875,67.80772399902344,0.962510347366333,532.319091796875,31.892200469970703,0.008498772978782654,517.7987670898438,42.465702056884766,0.000910338363610208,509.0122985839844,58.8717155456543,0.01109599880874157,507.2339172363281,64.44054412841797,0.009741811081767082,529.2216796875,37.21328353881836,0.19312812387943268,510.75592041015625,58.068016052246094,0.022883694618940353,501.2900390625,84.99225616455078,0.3555946946144104,484.0148010253906,113.05351257324219,0.9613815546035767
182,538.4906005859375,4.966348648071289,0.00816295575350523,528.8442993164062,36.0740852355957,0.8533353209495544,458.6233825683594,68.45447540283203,0.9748793840408325,533.9601440429688,31.68132972717285,0.002858126303181052,519.5377807617188,42.645843505859375,0.0020423848181962967,509.3656005859375,52.60597610473633,0.014070895500481129,522.7286376953125,7.536169052124023,0.0048299808986485004,531.1734008789062,37.43667221069336,0.04528673738241196,512.1401977539062,51.50828170776367,0.050041601061820984,506.0821533203125,83.9898452758789,0.15059597790241241,486.55511474609375,112.70865631103516,0.9455112814903259
183,534.611328125,17.49532699584961,0.011628757230937481,531.6812744140625,36.0194091796875,0.8752965331077576,461.6114196777344,68.28759765625,0.9778100252151489,535.1746215820312,31.40547752380371,0.0021895398385822773,521.0870361328125,43.48518371582031,0.0013758771819993854,510.30596923828125,52.64117431640625,0.004387118387967348,522.8832397460938,7.619564533233643,0.006518110167235136,534.2089233398438,41.21985626220703,0.023300057277083397,514.0618286132812,57.26337432861328,0.06939471513032913,507.791748046875,84.43473052978516,0.16442982852458954,489.5102844238281,111.7860107421875,0.9582294821739197
184,534.8656005859375,18.3550968170166,0.029452579095959663,533.768310546875,35.478939056396484,0.8725296258926392,464.5713195800781,68.48873901367188,0.9425815343856812,536.56005859375,31.369226455688477,0.002528198529034853,523.0584106445312,44.040409088134766,0.0011359567288309336,517.483154296875,53.294700622558594,0.005149475298821926,523.715087890625,7.013165473937988,0.003584441961720586,539.4304809570312,35.48173141479492,0.05841996148228645,517.59033203125,56.755859375,0.11341989785432816,509.15087890625,85.51760864257812,0.15806393325328827,492.4147033691406,111.67559051513672,0.9709897041320801
185,554.1978149414062,2.281641960144043,0.04620556905865669,536.2737426757812,33.962890625,0.7674000263214111,466.8557434082031,69.0665283203125,0.9615474343299866,543.9014892578125,30.059297561645508,0.003781490959227085,538.1617431640625,28.944446563720703,0.00047372339759022,519.7852172851562,53.079959869384766,0.0055374386720359325,525.077392578125,5.950872898101807,0.004774961620569229,542.4972534179688,35.12399673461914,0.11198754608631134,520.174072265625,55.89339065551758,0.06522025167942047,513.529296875,82.68547058105469,0.23813503980636597,494.1356201171875,110.64852142333984,0.9814854860305786
186,540.925537109375,19.160846710205078,0.07760322093963623,541.3173828125,33.21787643432617,0.9043155908584595,469.2391052246094,69.02677917480469,0.9607001543045044,545.262451171875,30.588592529296875,0.01098703034222126,538.830810546875,28.81232261657715,0.0014942389680072665,523.4232177734375,58.09295654296875,0.009867716580629349,525.7752075195312,5.615777492523193,0.011083819903433323,543.9345703125,35.74653625488281,0.2898128628730774,522.2058715820312,56.380897521972656,0.043199826031923294,516.4827270507812,81.85520935058594,0.330735981464386,498.349365234375,109.53302001953125,0.9467154741287231
187,541.9092407226562,20.082399368286133,0.04904857650399208,542.2578735351562,34.019615173339844,0.8080530762672424,472.6805114746094,70.40357971191406,0.9579557776451111,545.0994262695312,31.018272399902344,0.011290214024484158,539.3101196289062,28.50714683532715,0.0013744968455284834,522.700927734375,51.75471115112305,0.01257165428251028,522.2371826171875,62.52094268798828,0.01784471794962883,544.0265502929688,36.223026275634766,0.2751861810684204,526.7604370117188,55.657798767089844,0.02956085465848446,518.0488891601562,84.10173797607422,0.18882787227630615,501.320068359375,109.9166259765625,0.9277682900428772
188,553.3850708007812,5.266257286071777,0.019300200045108795,543.9619140625,34.757171630859375,0.7973137497901917,475.1134033203125,70.52890014648438,0.9676163792610168,546.28857421875,31.414596557617188,0.0052535212598741055,536.3157348632812,36.072608947753906,0.00034293721546418965,524.3179321289062,52.05242919921875,0.014147044159471989,526.6351318359375,62.15425109863281,0.0092154024168849,545.6326293945312,36.74192428588867,0.0805925726890564,527.4556274414062,50.9578857421875,0.04533353075385094,521.9104614257812,82.81381225585938,0.10365865379571915,504.3983154296875,110.01161193847656,0.957382321357727
189,553.7593994140625,5.3487396240234375,0.0070131500251591206,546.717041015625,34.70024871826172,0.806891679763794,477.87786865234375,70.74446105957031,0.9654764533042908,546.8770751953125,31.44931983947754,0.0017522957641631365,535.7587280273438,42.33961486816406,0.0011104022851213813,526.3207397460938,52.88107681274414,0.007810152135789394,524.0067138671875,76.00875854492188,0.01244585495442152,549.5365600585938,40.796566009521484,0.020360449329018593,529.7401123046875,56.51650619506836,0.08003644645214081,524.279296875,82.485595703125,0.1845838725566864,507.1709289550781,109.70712280273438,0.968712568283081
190,550.0630493164062,17.743511199951172,0.010963143780827522,548.8931274414062,34.54996109008789,0.8596699833869934,480.7130432128906,70.89852142333984,0.9005378484725952,547.0260620117188,31.267349243164062,0.0017706991638988256,538.15625,42.00408172607422,0.0017594132805243134,532.8358154296875,51.96672439575195,0.005522239487618208,538.9800415039062,7.358404159545898,0.010703705251216888,555.6767578125,29.87190055847168,0.02931375242769718,530.6316528320312,55.414710998535156,0.07300564646720886,525.4176025390625,84.75366973876953,0.15410830080509186,509.1838684082031,109.29722595214844,0.9776560664176941
191,550.5515747070312,18.523662567138672,0.024812020361423492,550.6259765625,34.516727447509766,0.8779304623603821,483.5335998535156,71.76026916503906,0.8915227651596069,557.8931274414062,29.607681274414062,0.004555410705506802,539.5582275390625,42.800045013427734,0.00116882030852139,534.2964477539062,52.547061920166016,0.012463890016078949,532.51953125,62.88254165649414,0.007707617711275816,556.1107788085938,34.49848937988281,0.10448456555604935,534.6564331054688,55.43340301513672,0.11826682090759277,528.6996459960938,64.41494750976562,0.1749095767736435,513.1130981445312,107.71588897705078,0.9686472415924072
192,570.2496337890625,2.219919204711914,0.05248250067234039,552.2200317382812,34.08396911621094,0.7649200558662415,486.0255432128906,71.64114379882812,0.7791144251823425,560.1756591796875,29.758380889892578,0.0066377948969602585,553.8091430664062,28.711688995361328,0.0009185802773572505,536.71923828125,53.35219192504883,0.00927161704748869,541.1239624023438,6.183098793029785,0.005512585397809744,558.4512329101562,35.07966613769531,0.16454704105854034,537.1245727539062,56.28105545043945,0.07064642757177353,532.3568725585938,82.37956237792969,0.3333723843097687,516.5439453125,107.51072692871094,0.955369770526886
193,569.4708251953125,3.4829888343811035,0.04836950823664665,557.9613037109375,33.0589599609375,0.835936427116394,489.51043701171875,72.54965209960938,0.9170212745666504,561.5039672851562,29.8117618560791,0.010148229077458382,554.6774291992188,28.168840408325195,0.0013752523809671402,538.3343505859375,51.15229797363281,0.007894937880337238,541.55908203125,5.96248722076416,0.010645272210240364,559.9091796875,35.308616638183594,0.21397042274475098,542.6419067382812,55.059200286865234,0.031001368537545204,534.1810913085938,83.87382507324219,0.24965670704841614,518.8233642578125,108.03819274902344,0.9605799317359924
194,569.3915405273438,4.6417646408081055,0.033160630613565445,558.9940795898438,34.15657043457031,0.7896596193313599,491.82965087890625,73.13423919677734,0.9703719019889832,563.7434692382812,30.861242294311523,0.010917600244283676,555.83056640625,28.132278442382812,0.0008021462708711624,539.955810546875,51.080848693847656,0.006155649200081825,542.22265625,61.21825408935547,0.006932434625923634,560.5593872070312,36.161155700683594,0.1396130919456482,542.6163940429688,51.683441162109375,0.0511968769133091,535.8267211914062,84.56758880615234,0.1835346668958664,521.8212890625,108.29114532470703,0.9781022667884827
195,569.4508056640625,5.204334735870361,0.01625514216721058,561.0635375976562,35.41320037841797,0.7564865350723267,494.01080322265625,73.04832458496094,0.9546923041343689,562.91162109375,31.530399322509766,0.0019540211651474237,551.7531127929688,41.41819763183594,0.00021385391301009804,541.07080078125,51.33926773071289,0.0026652186643332243,553.9544067382812,7.37044095993042,0.006682793144136667,562.74609375,36.89777374267578,0.01794363558292389,544.8771362304688,51.27210998535156,0.04870441183447838,539.9411010742188,83.01226043701172,0.24773357808589935,524.1318359375,107.35174560546875,0.9718878269195557
196,569.9851684570312,5.220110893249512,0.00521106319501996,563.2778930664062,34.60782241821289,0.7103691697120667,497.3226318359375,73.47901916503906,0.9213441610336304,562.5173950195312,31.307405471801758,0.0005680621252395213,552.7083129882812,42.24311828613281,0.0004975766642019153,549.3792724609375,57.188533782958984,0.0007825009524822235,554.4373168945312,7.372361183166504,0.008677909150719643,565.2969970703125,41.35980224609375,0.007139756344258785,549.27734375,56.0030517578125,0.04524502903223038,544.3826293945312,81.4327392578125,0.1625818908214569,526.052490234375,106.65865325927734,0.9799816012382507
197,565.3617553710938,18.387664794921875,0.010775872506201267,565.2568359375,34.64168167114258,0.7960067987442017,499.7278137207031,73.83184814453125,0.962780773639679,562.5306396484375,31.174734115600586,0.0011815086472779512,554.477783203125,42.739315032958984,0.0007603539270348847,549.7529907226562,51.79813766479492,0.0027541981544345617,555.089111328125,7.0817766189575195,0.004700856748968363,572.2742919921875,29.7845458984375,0.038067225366830826,549.5405883789062,52.99135208129883,0.06785943359136581,546.8408203125,81.42652130126953,0.2968430519104004,531.0358276367188,105.45297241210938,0.963175356388092
198,566.7353515625,18.997591018676758,0.02056150510907173,567.368896484375,34.0860481262207,0.6582238078117371,501.8005065917969,74.03872680664062,0.906027615070343,574.4534912109375,28.67757225036621,0.0018766392022371292,568.360595703125,28.376251220703125,0.0003857049159705639,551.7028198242188,51.561744689941406,0.0020707331132143736,556.2664184570312,6.687087535858154,0.006529087200760841,573.9788208007812,30.24120330810547,0.07112706452608109,551.5909423828125,53.050594329833984,0.03979800269007683,549.1521606445312,82.46269989013672,0.3945382833480835,534.49658203125,105.41912078857422,0.9540409445762634
199,585.5960083007812,2.5390443801879883,0.031171267852187157,575.3692626953125,31.307146072387695,0.7523145079612732,505.16217041015625,75.06578063964844,0.9769675731658936,577.129638671875,29.191951751708984,0.003976146690547466,570.0904541015625,27.581756591796875,0.0013848025118932128,553.3967895507812,51.00569534301758,0.006461533717811108,557.0715942382812,6.051214694976807,0.010958269238471985,575.302734375,34.949039459228516,0.07218781113624573,553.1801147460938,51.414859771728516,0.013025435619056225,551.0559692382812,83.05973815917969,0.28014159202575684,536.967529296875,105.90462493896484,0.9708970785140991
200,572.4837036132812,19.711397171020508,0.03889304772019386,576.1483154296875,32.112815856933594,0.612379789352417,508.0623474121094,75.6788101196289,0.9932409524917603,579.4652709960938,30.041296005249023,0.004851975943893194,570.1753540039062,27.895950317382812,0.0008613721001893282,555.4375,50.16252517700195,0.010680715553462505,555.5677490234375,60.212379455566406,0.0073070586659014225,575.8450927734375,35.83628463745117,0.06215628236532211,557.7274780273438,51.043453216552734,0.05875911936163902,554.5557861328125,81.19462585449219,0.22240526974201202,539.5570068359375,106.26219177246094,0.961624264717102
201,575.0328979492188,20.158708572387695,0.027266541495919228,577.2940673828125,33.74475860595703,0.7575138211250305,509.7974853515625,75.76807403564453,0.9893237948417664,580.8396606445312,31.670076370239258,0.005521867889910936,568.0861206054688,35.190086364746094,0.00027393861091695726,556.2936401367188,50.19941711425781,0.002069224137812853,569.76171875,6.893665313720703,0.003772320691496134,580.2235107421875,36.72809600830078,0.04676300287246704,560.1384887695312,51.42469787597656,0.06365405768156052,556.670166015625,82.52076721191406,0.20126114785671234,541.2548828125,105.80463409423828,0.9695237874984741
202,585.7535400390625,5.656709671020508,0.006315666250884533,578.9321899414062,34.0488395690918,0.7704631686210632,513.05419921875,76.48200225830078,0.9597050547599792,578.8163452148438,31.387893676757812,0.0007734295213595033,568.4027099609375,40.49605178833008,0.00022523761435877532,557.4025268554688,49.92567825317383,0.0009169974946416914,570.2362060546875,7.338787078857422,0.004900261759757996,581.1505737304688,41.02727508544922,0.010570843704044819,561.2269897460938,51.09856033325195,0.020456377416849136,561.544189453125,80.76156616210938,0.21371878683567047,546.195068359375,104.55833435058594,0.9634727239608765
203,581.7964477539062,18.61870765686035,0.004250970669090748,580.745849609375,34.89520263671875,0.7300624251365662,515.1981811523438,77.01294708251953,0.9760738611221313,578.2676391601562,30.77826499938965,0.0003648204146884382,570.413330078125,41.16387176513672,0.0003504130581859499,566.9196166992188,56.91179656982422,0.0007418790482915938,570.8263549804688,7.169678211212158,0.004386751912534237,587.3567504882812,29.224050521850586,0.009649050422012806,565.8226928710938,55.2737922668457,0.03385356441140175,563.6572875976562,82.42057800292969,0.3647942841053009,549.7683715820312,104.80659484863281,0.9532230496406555
204,582.4935913085938,19.51311683654785,0.0157648753374815,582.2660522460938,35.12209701538086,0.755817174911499,517.1119995117188,76.7411117553711,0.9484422206878662,589.3470458984375,29.258655548095703,0.0014459972735494375,570.7117919921875,42.616512298583984,0.00017679082520771772,569.4109497070312,57.068180084228516,0.003034509951248765,571.5599975585938,6.97186279296875,0.0037933995481580496,589.0302124023438,30.669950485229492,0.051585953682661057,568.0692749023438,55.39512252807617,0.04793065786361694,565.7628173828125,83.33479309082031,0.6319486498832703,552.8860473632812,104.4412841796875,0.9724961519241333
205,583.2919921875,19.533344268798828,0.04765897989273071,583.8732299804688,35.1441535949707,0.5353474617004395,520.8209838867188,77.35083770751953,0.9831699728965759,590.906494140625,29.362253189086914,0.001694608828984201,585.2723999023438,27.78649139404297,0.0002944920852314681,568.67578125,50.7913932800293,0.0032892487943172455,572.0470581054688,6.432182312011719,0.004094959702342749,589.3424072265625,35.694068908691406,0.03775116801261902,568.6857299804688,52.947532653808594,0.023403776809573174,568.1015625,83.21422576904297,0.3402068316936493,555.0458984375,104.39573669433594,0.9850460886955261
206,587.9021606445312,19.50519371032715,0.06135890260338783,589.9285888671875,35.17631149291992,0.5133931040763855,523.69921875,77.60234832763672,0.9933207631111145,595.2994384765625,30.804975509643555,0.003448416944593191,581.6815795898438,30.098358154296875,0.0003852715017274022,571.066650390625,50.339569091796875,0.004536435008049011,572.919189453125,6.232944011688232,0.0035374017897993326,591.1370239257812,36.58343505859375,0.044566672295331955,573.9730834960938,52.60700225830078,0.03152068331837654,570.7431640625,82.90264129638672,0.5706937313079834,557.088134765625,104.5143051147461,0.9781780242919922
207,589.2913818359375,20.08602523803711,0.04088820144534111,591.0257568359375,36.6435432434082,0.5452882647514343,525.8041381835938,78.02449035644531,0.9885492920875549,596.0126342773438,31.893775939941406,0.004663707688450813,581.925537109375,40.6827507019043,0.0003198826452717185,574.1949462890625,31.055402755737305,0.00294798263348639,585.508056640625,6.45391845703125,0.0025809542275965214,592.1810913085938,37.404090881347656,0.058843944221735,575.971923828125,53.637413024902344,0.03647324815392494,573.6650390625,84.00698852539062,0.6092534065246582,559.30126953125,105.2081527709961,0.9816157221794128
208,591.406494140625,20.386810302734375,0.017337027937173843,593.6694946289062,35.92544174194336,0.5446112155914307,528.230224609375,78.74282836914062,0.9495037198066711,597.5491333007812,31.9803409576416,0.0027387256268411875,584.0658569335938,41.241981506347656,0.000393150927266106,574.2396240234375,31.060138702392578,0.0011343683581799269,586.0443725585938,7.271202087402344,0.00495151337236166,596.0964965820312,42.00346374511719,0.03675124794244766,579.217041015625,58.104591369628906,0.08394791930913925,578.7955932617188,82.4988021850586,0.7277227640151978,565.2786254882812,104.05780029296875,0.9699638485908508
209,602.6317749023438,5.522662162780762,0.004828848410397768,596.1637573242188,36.142398834228516,0.5475879311561584,530.8822631835938,79.61544799804688,0.9638513922691345,599.762939453125,30.93596839904785,0.0005329989362508059,586.3018188476562,41.15096664428711,0.00013222593406680971,583.7390747070312,56.88518524169922,0.00042293823207728565,586.7405395507812,7.353824615478516,0.002726428909227252,598.129150390625,42.05147933959961,0.018137382343411446,582.852294921875,56.86026382446289,0.035556610673666,580.3801879882812,83.57754516601562,0.7322643995285034,569.2398071289062,103.601806640625,0.9518083930015564
210,597.8743896484375,19.55483055114746,0.0023807587567716837,596.6452026367188,36.100406646728516,0.38179779052734375,533.248779296875,79.72692108154297,0.9408186078071594,603.7781372070312,28.737119674682617,0.00032376317540183663,586.9512329101562,42.56266784667969,5.642772521241568e-05,585.0364990234375,57.114864349365234,0.0006838082335889339,586.9268188476562,7.263956546783447,0.002608652226626873,602.3592529296875,35.167747497558594,0.007820612750947475,583.9216918945312,55.769283294677734,0.02031322382390499,583.3521728515625,83.73844146728516,0.6722130179405212,571.5918579101562,104.0955810546875,0.9819438457489014
211,597.6038818359375,21.05795669555664,0.034786004573106766,598.5743408203125,37.85948181152344,0.29138079285621643,536.856689453125,80.22294616699219,0.9480492472648621,605.1288452148438,30.56480598449707,0.0008657202706672251,600.6334838867188,28.247329711914062,9.771876648301259e-05,586.3753662109375,56.34214401245117,0.005361663177609444,587.2940063476562,6.827902793884277,0.0038752141408622265,603.2039794921875,36.95890808105469,0.03301442414522171,585.5360717773438,57.24800491333008,0.023445487022399902,585.383544921875,83.21663665771484,0.8388746380805969,573.5826416015625,104.35823059082031,0.9822756052017212
212,618.0850219726562,2.7460265159606934,0.04583161324262619,601.01220703125,37.367462158203125,0.10725393146276474,539.7233276367188,80.4873275756836,0.9884995818138123,610.9191284179688,30.822935104370117,0.001917046494781971,596.851806640625,39.95865249633789,0.00026932143373414874,589.9649047851562,29.258323669433594,0.005681600421667099,588.1882934570312,6.5622878074646,0.0030950664076954126,604.7493896484375,40.172698974609375,0.02062379941344261,592.1814575195312,57.8232421875,0.02625225856900215,588.2778930664062,83.60716247558594,0.7903205752372742,576.0531005859375,105.27800750732422,0.9721620082855225
213,599.2146606445312,25.636943817138672,0.02712971530854702,609.4652709960938,34.82802963256836,0.20672883093357086,541.734619140625,81.09112548828125,0.9720665812492371,613.230224609375,31.533973693847656,0.0039058635011315346,596.7723388671875,35.989444732666016,0.00012366290320642292,590.1239624023438,30.401670455932617,0.01219226699322462,586.8759765625,27.7074031829834,0.005720469169318676,611.96826171875,37.03451156616211,0.011087474413216114,594.0057373046875,58.4224739074707,0.04123369976878166,594.3206787109375,82.19706726074219,0.8090875148773193,581.7405395507812,104.38340759277344,0.9290686249732971
214,600.2407836914062,27.06525230407715,0.016508307307958603,606.4580688476562,41.68164825439453,0.24722018837928772,544.3609008789062,81.82618713378906,0.9738193154335022,614.1123046875,32.99201583862305,0.004735557362437248,599.761474609375,40.678062438964844,0.0004622491542249918,590.2760009765625,32.200782775878906,0.0016020964831113815,602.0107421875,6.91145133972168,0.0011379020288586617,611.7413940429688,42.09906005859375,0.03869285807013512,594.9906005859375,60.297969818115234,0.16073204576969147,595.5685424804688,83.77876281738281,0.8851101994514465,586.0994873046875,106.18046569824219,0.9032050371170044
215,612.958740234375,18.502059936523438,0.014676371589303017,610.7378540039062,40.74236297607422,0.48777782917022705,547.2962646484375,82.64529418945312,0.9858766794204712,615.915283203125,33.31107711791992,0.0018858686089515686,603.4422607421875,50.065799713134766,0.000268051604507491,600.7764892578125,57.19834518432617,0.004532147664576769,597.5651245117188,63.36622619628906,0.0037366573233157396,613.5452880859375,42.52931213378906,0.07932118326425552,598.40625,58.71429443359375,0.17056763172149658,598.028564453125,84.53496551513672,0.8927008509635925,588.2171630859375,106.98159790039062,0.935845136642456
216,607.8675537109375,30.171693801879883,0.009155677631497383,611.407470703125,41.713897705078125,0.36744987964630127,548.9071044921875,82.92832946777344,0.9835265278816223,614.9993896484375,37.36850357055664,0.00023383955704048276,603.7955932617188,51.80529022216797,0.0002750393468886614,600.1742553710938,58.35929489135742,0.003216357668861747,602.0106201171875,76.5871810913086,0.001533961738459766,614.5416259765625,43.75613784790039,0.021835511550307274,599.4854125976562,59.482669830322266,0.07258576154708862,600.2024536132812,83.93041229248047,0.9102370142936707,589.6409912109375,107.2099609375,0.9782917499542236
217,613.7518920898438,25.14568328857422,0.06810534745454788,612.7698364257812,42.343570709228516,0.506356954574585,552.4989013671875,83.4615249633789,0.9933804273605347,620.4940185546875,32.44374084472656,0.0009767388692125678,604.9630737304688,51.741424560546875,0.00043188294512219727,601.2711181640625,57.087955474853516,0.0067370617762207985,603.2789916992188,77.52588653564453,0.005543005187064409,616.7544555664062,41.79245376586914,0.051214370876550674,601.200439453125,61.10165786743164,0.10792263597249985,602.5043334960938,84.70692443847656,0.9629626274108887,592.6904296875,107.62605285644531,0.9305782318115234
218,613.6705322265625,25.63433074951172,0.09830697625875473,615.1710815429688,42.59025955200195,0.2914242446422577,554.7115478515625,83.83627319335938,0.9970744848251343,626.1099853515625,32.455116271972656,0.0019277564715594053,613.3582153320312,42.060272216796875,0.00034415576374158263,603.8631591796875,56.32864761352539,0.0020251020323485136,602.0325927734375,26.818134307861328,0.0024574201088398695,618.3037109375,41.80973815917969,0.11622936278581619,607.6976928710938,61.914546966552734,0.18745157122612,606.4981079101562,85.05342102050781,0.9628550410270691,598.1954956054688,107.04769134521484,0.8718777894973755
219,615.5043334960938,26.039175033569336,0.07307210564613342,616.0855102539062,46.73434066772461,0.19353049993515015,556.720947265625,84.48387908935547,0.9968932867050171,629.3406982421875,32.720638275146484,0.008663604967296124,615.0537719726562,40.10242462158203,0.00034276823862455785,606.53564453125,30.879962921142578,0.005298756994307041,602.8077392578125,27.21299171447754,0.011743886396288872,627.6021118164062,38.870948791503906,0.0317092165350914,609.6566772460938,61.72943115234375,0.08863680809736252,611.0684814453125,85.22492218017578,0.9423423409461975,603.0230712890625,107.76883697509766,0.8021959662437439
220,616.2462158203125,27.819141387939453,0.03121800348162651,617.4097290039062,48.38742446899414,0.13619446754455566,559.7249145507812,85.77188110351562,0.9929022192955017,630.7945556640625,33.17830276489258,0.005526498891413212,616.6480102539062,41.01072692871094,0.0004198609967716038,614.3427124023438,56.65988540649414,0.0014471834292635322,603.2471923828125,29.49709129333496,0.003887411206960678,627.7704467773438,41.946834564208984,0.029843997210264206,612.3967895507812,61.324676513671875,0.03154002130031586,613.931884765625,86.57466125488281,0.9140846729278564,604.9335327148438,108.31781768798828,0.8912420272827148
221,620.9994506835938,30.387590408325195,0.057725075632333755,625.139404296875,42.3878288269043,0.4532613158226013,562.6803588867188,85.77639770507812,0.9966977834701538,629.1396484375,38.37505340576172,0.003568262094631791,617.9979858398438,41.854286193847656,0.0007727922638878226,617.5953979492188,57.1052360534668,0.003238926874473691,617.9962768554688,76.98130798339844,0.0017668186919763684,628.8477172851562,43.26459503173828,0.11918757110834122,614.2401733398438,61.270050048828125,0.044968295842409134,614.6076049804688,88.81397247314453,0.9462828040122986,606.6444091796875,109.20563507080078,0.9610005021095276
222,622.9560546875,31.436141967773438,0.11218003928661346,626.3804931640625,42.85791778564453,0.732690155506134,564.8394165039062,86.76643371582031,0.9958968162536621,629.1616821289062,43.26409149169922,0.0029307992663234472,618.48291015625,42.86560821533203,0.0004902995424345136,616.9935302734375,57.701820373535156,0.0034587839618325233,619.6140747070312,77.59204864501953,0.008037379011511803,629.96240234375,44.10920333862305,0.14224882423877716,615.225341796875,62.44296646118164,0.10988973826169968,617.5238647460938,85.63045501708984,0.9604840278625488,611.6956787109375,108.99532318115234,0.9069822430610657
223,629.61962890625,24.524202346801758,0.052372902631759644,628.1364135742188,42.63153839111328,0.4163065254688263,567.574462890625,87.61593627929688,0.9759053587913513,626.2785034179688,45.20975875854492,0.0004095044278074056,621.558349609375,52.9765510559082,0.0001344227057415992,617.958984375,58.18217849731445,0.0013631981564685702,624.5350952148438,76.9914779663086,0.0017136770766228437,632.9448852539062,40.75675582885742,0.014355194754898548,616.1924438476562,62.51852035522461,0.0810493677854538,620.1865234375,86.03495788574219,0.9512442946434021,614.1301879882812,109.98808288574219,0.8061869144439697
224,629.8186645507812,27.134626388549805,0.017886333167552948,628.7691650390625,48.24021530151367,0.5458224415779114,569.81884765625,88.05133819580078,0.9907484650611877,635.1881103515625,41.69289016723633,0.000693330483045429,630.70263671875,42.03959274291992,0.00029821423231624067,623.4844360351562,58.78864669799805,0.001073963358066976,619.2904663085938,7.352607250213623,0.0014385560061782598,634.762451171875,41.991493225097656,0.03320804238319397,624.4594116210938,68.37361907958984,0.028136858716607094,622.9923706054688,89.3482894897461,0.8864723443984985,619.1618041992188,110.09239196777344,0.768505334854126
225,630.9459228515625,28.16799545288086,0.03647798299789429,632.1380615234375,47.95792770385742,0.27206850051879883,572.076416015625,89.2038803100586,0.9945079684257507,645.0028076171875,33.1153564453125,0.0019121860386803746,631.2264404296875,40.68239212036133,0.000619476952124387,627.9608154296875,58.03870391845703,0.0018957422580569983,618.0254516601562,29.46082305908203,0.0029316842555999756,643.2018432617188,41.59234619140625,0.02120145410299301,625.99169921875,67.12875366210938,0.010286369360983372,627.7714233398438,88.85267639160156,0.7054851651191711,620.8568725585938,110.5287094116211,0.8046960830688477
226,636.7543334960938,28.139240264892578,0.017670534551143646,642.132568359375,39.86665725708008,0.10337548702955246,574.8162231445312,89.36751556396484,0.9892187714576721,647.4732666015625,32.80194091796875,0.0017991542117670178,632.6836547851562,45.45592498779297,0.0005012602778151631,632.8344116210938,56.75107192993164,0.00939205288887024,632.5353393554688,79.03233337402344,0.010190404951572418,648.6687622070312,39.714744567871094,0.01836242899298668,628.5462646484375,61.78532791137695,0.013372387737035751,630.355712890625,89.371826171875,0.8865945339202881,625.3558959960938,110.33749389648438,0.7695220112800598
227,636.4046630859375,32.007843017578125,0.058677516877651215,642.462646484375,41.39053726196289,0.269983172416687,577.8245239257812,90.14632415771484,0.9938274025917053,650.038818359375,32.088680267333984,0.002958991564810276,633.9188232421875,39.199302673339844,0.0007464709342457354,634.6465454101562,55.0718994140625,0.00852019153535366,635.260986328125,77.88715362548828,0.00445403391495347,646.3522338867188,42.22383117675781,0.058727677911520004,630.762939453125,61.601741790771484,0.029437262564897537,633.4383544921875,85.84075927734375,0.7607686519622803,628.5087280273438,112.76526641845703,0.7859721779823303
228,638.086669921875,33.768795013427734,0.1962001919746399,641.3988647460938,47.66980743408203,0.6582702994346619,580.2371215820312,91.06340789794922,0.9944498538970947,645.3494262695312,43.833641052246094,0.0024729922879487276,637.9510498046875,51.75556564331055,0.0008196532726287842,635.7586059570312,58.09942626953125,0.005471274722367525,640.6250610351562,78.279541015625,0.011104132980108261,644.1237182617188,53.39210510253906,0.05365213751792908,636.5365600585938,71.24824523925781,0.05808674544095993,635.3172607421875,86.92858123779297,0.8655545115470886,631.4302978515625,113.68250274658203,0.3591800928115845
229,645.8538208007812,25.47831916809082,0.11568555980920792,643.0403442382812,48.87294006347656,0.8913419246673584,582.2233276367188,91.62568664550781,0.9889494180679321,646.7256469726562,44.587554931640625,0.0018862159922719002,639.9169311523438,53.96000289916992,0.0005272627458907664,640.0510864257812,67.49251556396484,0.003960330504924059,643.261474609375,79.57854461669922,0.004320562817156315,645.2381591796875,54.54726028442383,0.04828907549381256,638.764404296875,71.46630096435547,0.07290739566087723,638.0341186523438,89.6775894165039,0.9396523237228394,635.5262451171875,112.93710327148438,0.6037378311157227
230,647.129150390625,26.621976852416992,0.013337340205907822,645.4307861328125,49.35466384887695,0.5486165285110474,585.2343139648438,92.60273742675781,0.9960395097732544,649.4275512695312,52.63849639892578,0.00020846047846134752,648.370849609375,41.442665100097656,0.00017185084288939834,640.4396362304688,68.01104736328125,0.00046200203360058367,643.6959228515625,78.54694366455078,0.0019769167993217707,649.06591796875,55.362548828125,0.01603672280907631,639.8265991210938,71.9520034790039,0.009763358160853386,642.4963989257812,89.903564453125,0.5896071791648865,638.104736328125,114.57626342773438,0.48156532645225525
231,645.0486450195312,32.786651611328125,0.00811457447707653,647.033447265625,50.440025329589844,0.48687687516212463,587.8609619140625,93.28549194335938,0.9981799125671387,652.9330444335938,47.9356575012207,0.0018635580781847239,646.8988647460938,54.045589447021484,0.000913042516913265,647.4080810546875,60.356075286865234,0.002119418466463685,646.5588989257812,80.64108276367188,0.007888945750892162,651.3983154296875,55.76463317871094,0.032968293875455856,640.3001098632812,68.98961639404297,0.014337279833853245,643.89599609375,89.8780746459961,0.5574085712432861,643.2473754882812,114.60590362548828,0.1701570749282837
232,646.6019287109375,33.48603439331055,0.046166904270648956,649.9312744140625,49.7262077331543,0.2219715118408203,590.8566284179688,94.165771484375,0.9938077330589294,655.2349853515625,51.017295837402344,0.002656575758010149,650.225830078125,41.06459426879883,0.0017719934694468975,649.2946166992188,57.479827880859375,0.019104957580566406,649.8046875,80.40833282470703,0.052855219691991806,662.0652465820312,41.970619201660156,0.0733831524848938,643.591552734375,69.55977630615234,0.02104979194700718,647.4561157226562,90.92273712158203,0.6656464338302612,645.6729736328125,115.81216430664062,0.37618035078048706
233,651.7110595703125,33.26976013183594,0.040522169321775436,658.3369750976562,43.251338958740234,0.17335514724254608,592.9671630859375,94.52086639404297,0.9739356637001038,656.0679931640625,53.07793045043945,0.001893723150715232,652.108154296875,51.79475402832031,0.0008504826109856367,651.10107421875,59.13704299926758,0.010603474453091621,654.15771484375,79.11837005615234,0.017666246742010117,664.5664672851562,40.15359878540039,0.05370619520545006,646.1802978515625,74.00362396240234,0.07594354450702667,651.0768432617188,91.79196166992188,0.905579149723053,650.0266723632812,117.06073760986328,0.28252455592155457
234,653.8796997070312,34.00709915161133,0.1529865860939026,657.9659423828125,50.430728912353516,0.7942386269569397,595.5384521484375,95.75141906738281,0.9882311224937439,658.12890625,54.525657653808594,0.0037047509104013443,654.3274536132812,54.437049865722656,0.0007673224317841232,656.5241088867188,74.5819091796875,0.008172515779733658,656.3444213867188,80.39994812011719,0.009115372784435749,660.2188720703125,55.10477828979492,0.18184946477413177,652.4223022460938,72.80291748046875,0.22772254049777985,652.5974731445312,91.70903778076172,0.8866922855377197,652.63916015625,116.70953369140625,0.2561302185058594
235,655.4744262695312,35.092742919921875,0.14306846261024475,659.7307739257812,51.86759567260742,0.84955894947052,598.2384033203125,96.5074234008789,0.9630789160728455,667.3995361328125,42.388755798339844,0.004154598340392113,663.2124633789062,41.4665412902832,0.003769270144402981,657.6619873046875,73.31014251708984,0.0008631697855889797,658.77783203125,78.82205200195312,0.0026648170314729214,661.2139282226562,55.54985427856445,0.130858913064003,654.2225952148438,71.78797149658203,0.11739669740200043,654.9842529296875,91.75922393798828,0.34973499178886414,655.3197021484375,117.50508117675781,0.10610321909189224
236,657.7254028320312,34.99493408203125,0.026376528665423393,660.8463134765625,52.62491226196289,0.7469393014907837,600.842041015625,96.72293853759766,0.9919853210449219,667.221923828125,48.80025863647461,0.009640433825552464,665.1084594726562,42.94058609008789,0.009882383979856968,660.56005859375,73.8520278930664,0.006209605373442173,661.5611572265625,81.40348815917969,0.027147745713591576,663.8457641601562,55.39935302734375,0.14815479516983032,654.4932250976562,72.0732192993164,0.08998306095600128,659.4513549804688,91.34886169433594,0.7522460222244263,661.115478515625,117.9471206665039,0.12141428142786026
237,661.5453491210938,33.04978561401367,0.008496205322444439,663.1185913085938,52.65147399902344,0.5965574383735657,603.5692749023438,97.8790512084961,0.998435914516449,669.7154541015625,49.83525848388672,0.011529438197612762,666.44482421875,43.499393463134766,0.009862150996923447,664.4851684570312,75.57183074951172,0.032899484038352966,664.7191772460938,82.03678131103516,0.12275003641843796,667.0532836914062,56.762210845947266,0.1093028262257576,655.7094116210938,73.15234375,0.05955428630113602,660.8150024414062,92.80315399169922,0.6093150973320007,662.6412353515625,117.48522186279297,0.030851395800709724
238,683.4586791992188,3.371339797973633,0.04468945786356926,664.9695434570312,51.935298919677734,0.09517410397529602,605.8670043945312,98.86796569824219,0.9968859553337097,676.6837768554688,42.023372650146484,0.006140195298939943,670.96240234375,40.9567985534668,0.005562228616327047,669.238037109375,74.3002700805664,0.03477765619754791,668.2811279296875,79.74075317382812,0.2427465170621872,680.0146484375,40.42074966430664,0.053346797823905945,660.3632202148438,74.1514663696289,0.20408812165260315,663.192138671875,92.90512084960938,0.6092846393585205,668.25732421875,122.00152587890625,0.12683403491973877
239,684.0460205078125,4.186720371246338,0.15824119746685028,674.1402587890625,47.71891403198242,0.148980513215065,608.2844848632812,99.72566986083984,0.9888606667518616,685.8265380859375,31.533693313598633,0.01596900075674057,672.8255615234375,40.82771301269531,0.007839249446988106,670.2515869140625,56.862178802490234,0.008853934705257416,672.1989135742188,79.48200988769531,0.03695443645119667,681.8486938476562,40.865028381347656,0.19351080060005188,667.9953002929688,74.0340347290039,0.5056552886962891,668.5079345703125,93.89547729492188,0.8975400924682617,671.2017211914062,121.97076416015625,0.026022031903266907
240,684.201171875,4.5968499183654785,0.21107600629329681,676.3695678710938,49.6021728515625,0.6664857268333435,610.52734375,100.98483276367188,0.9906913638114929,685.0608520507812,40.544795989990234,0.06875889003276825,677.2266845703125,40.9011344909668,0.02853577770292759,673.1625366210938,74.66482543945312,0.012699401006102562,673.6162109375,81.08631134033203,0.017338156700134277,685.0106201171875,41.472412109375,0.3694029748439789,670.1536865234375,74.38160705566406,0.757488489151001,671.3973999023438,97.76382446289062,0.7609793543815613,676.9819946289062,122.15876007080078,0.016968781128525734
241,684.1950073242188,4.6083984375,0.09687723219394684,674.183349609375,54.97026443481445,0.8962054252624512,612.8984985351562,101.48285675048828,0.9912500381469727,684.1077270507812,48.446102142333984,0.05167378857731819,679.7845458984375,43.05131912231445,0.02685406617820263,675.27978515625,75.5101318359375,0.022398263216018677,676.9155883789062,82.83988189697266,0.03229396045207977,679.838623046875,54.89055252075195,0.4037435054779053,670.41357421875,75.82628631591797,0.5028080344200134,675.818603515625,98.10261535644531,0.886208713054657,678.873046875,122.57091522216797,0.017682217061519623
242,700.8917236328125,4.920968532562256,0.11130127310752869,674.443359375,56.903953552246094,0.9725420475006104,615.5852661132812,102.87346649169922,0.9761345982551575,685.5990600585938,50.12437057495117,0.2342280000448227,680.8778686523438,43.697181701660156,0.029268108308315277,679.6779174804688,77.4598388671875,0.049256812781095505,681.1065063476562,81.79419708251953,0.40008479356765747,681.3618774414062,56.25504684448242,0.7176592946052551,672.8042602539062,83.00992584228516,0.5787599682807922,677.233154296875,98.7222900390625,0.9130147695541382,684.08740234375,124.48445892333984,0.07716605067253113
243,705.574951171875,10.652177810668945,0.15654462575912476,676.8892211914062,56.75090408325195,0.9443609118461609,617.9600830078125,103.79486846923828,0.9908666610717773,686.7238159179688,50.92839813232422,0.15157242119312286,681.6576538085938,45.01836013793945,0.022710783407092094,683.6613159179688,76.4043197631836,0.0898679569363594,684.0909423828125,80.85366821289062,0.5601149201393127,683.6078491210938,55.783870697021484,0.7257324457168579,674.9524536132812,82.9352035522461,0.4107174277305603,679.6576538085938,100.91438293457031,0.9029949307441711,687.1204833984375,129.06698608398438,0.21558663249015808
244,707.3817749023438,11.747076988220215,0.15624931454658508,677.8685913085938,57.93362808227539,0.8487095832824707,620.10693359375,104.14645385742188,0.9910542368888855,691.3102416992188,49.61516571044922,0.038593925535678864,687.759521484375,58.01511001586914,0.009063324891030788,689.2197265625,77.35152435302734,0.042771801352500916,690.5200805664062,82.082763671875,0.05513554811477661,685.2972412109375,57.54845428466797,0.6034078001976013,677.264404296875,82.3208236694336,0.4157922863960266,686.0301513671875,101.36204528808594,0.8696882128715515,692.140869140625,128.4818115234375,0.07182830572128296
245,709.6688232421875,14.645759582519531,0.20485155284404755,682.8681640625,57.74907684326172,0.6921026706695557,622.9351806640625,104.98762512207031,0.9865633249282837,694.0003051757812,49.81886291503906,0.06456711888313293,688.7548217773438,42.67148971557617,0.01638776808977127,691.3373413085938,82.2662124633789,0.016997773200273514,690.91259765625,81.0639419555664,0.011679456569254398,691.2838134765625,54.957096099853516,0.5497543215751648,684.9053955078125,82.70597076416016,0.5709152817726135,688.4962768554688,103.85013580322266,0.9132328629493713,695.0559692382812,129.45220947265625,0.30776429176330566
246,714.7105712890625,15.717557907104492,0.4441566467285156,687.8939208984375,56.277530670166016,0.7346401810646057,625.923583984375,105.7967758178711,0.9953604340553284,701.2076416015625,43.087955474853516,0.04388187453150749,690.4700927734375,44.002716064453125,0.012485460378229618,693.6614990234375,83.00611877441406,0.01177256554365158,692.524658203125,81.63481140136719,0.005426179151982069,692.8615112304688,56.088768005371094,0.5074967741966248,687.7572631835938,83.47371673583984,0.4278271496295929,692.6761474609375,103.09501647949219,0.953407883644104,700.3728637695312,129.49476623535156,0.5614980459213257
247,715.3358154296875,16.238319396972656,0.3586963713169098,689.5599975585938,56.486724853515625,0.8246811628341675,628.2426147460938,106.92381286621094,0.9961085915565491,701.0300903320312,49.619956970214844,0.10770639032125473,695.7559204101562,44.05202102661133,0.01402321457862854,700.3068237304688,90.85958099365234,0.016310814768075943,702.40576171875,98.10091400146484,0.012513728812336922,697.4307250976562,54.946407318115234,0.44481271505355835,690.3493041992188,87.6781997680664,0.3924471437931061,694.7298583984375,106.1565933227539,0.9286490082740784,703.3387451171875,131.85226440429688,0.39225277304649353
248,717.0825805664062,17.127124786376953,0.6354489922523499,688.3399047851562,59.57737731933594,0.8891564011573792,630.0742797851562,107.96056365966797,0.9951157569885254,697.8184814453125,55.45767593383789,0.19256529211997986,698.0404663085938,45.43396759033203,0.015174299478530884,704.4633178710938,85.25326538085938,0.09663467854261398,706.9578247070312,94.5727767944336,0.090275838971138,695.6741943359375,59.25315856933594,0.7192656993865967,692.050048828125,89.17383575439453,0.8201685547828674,697.721923828125,108.14794921875,0.9737010598182678,706.7054443359375,131.96820068359375,0.5580639243125916
249,719.9801025390625,16.1479434967041,0.6702025532722473,687.5413818359375,62.364925384521484,0.9441247582435608,632.5935668945312,108.8725357055664,0.9933928847312927,699.4703369140625,56.054786682128906,0.19057172536849976,705.3682861328125,72.825439453125,0.05038033053278923,707.1554565429688,84.18927001953125,0.2523834705352783,707.9132690429688,81.57675170898438,0.08615025132894516,699.0907592773438,58.868568420410156,0.8333178758621216,694.2481689453125,89.59449768066406,0.8119364976882935,700.7073974609375,108.56430053710938,0.9492851495742798,709.9049072265625,133.2213134765625,0.4348386526107788
250,719.4574584960938,15.828731536865234,0.3991081416606903,691.2409057617188,63.22233200073242,0.9191655516624451,635.3164672851562,109.94561767578125,0.9981312155723572,705.2222900390625,54.74208068847656,0.10393575578927994,707.9368896484375,73.22515869140625,0.03795890510082245,710.0528564453125,84.56871795654297,0.11071011424064636,708.263916015625,81.88867950439453,0.05464671179652214,702.2987670898438,58.792388916015625,0.6411590576171875,699.838623046875,89.53060150146484,0.7139361500740051,705.9827270507812,109.23592376708984,0.9575768709182739,714.6165771484375,133.8257598876953,0.38420218229293823
251,720.803955078125,19.61831283569336,0.6633941531181335,694.4125366210938,63.62822723388672,0.8414545059204102,638.0888061523438,111.09520721435547,0.9918185472488403,707.6226806640625,54.86577606201172,0.15235626697540283,706.1463623046875,56.683876037597656,0.008773007430136204,714.506591796875,90.61083221435547,0.030651699751615524,715.9373168945312,95.7713851928711,0.007390385959297419,706.913330078125,57.19002151489258,0.6075251698493958,703.7334594726562,91.59680938720703,0.6675341725349426,709.4982299804688,110.68917083740234,0.9771561622619629,719.89306640625,133.7639923095703,0.8917661905288696
252,726.5121459960938,20.427494049072266,0.46930739283561707,702.675048828125,59.760963439941406,0.7393470406532288,640.3356323242188,111.9378662109375,0.951447606086731,709.3399047851562,56.68056106567383,0.34910959005355835,706.0924682617188,56.781185150146484,0.034337375313043594,715.3893432617188,90.42655944824219,0.01468795444816351,717.1001586914062,96.8976821899414,0.017657749354839325,709.8125610351562,58.99958038330078,0.7749361395835876,706.4869384765625,91.93119812011719,0.5719856023788452,714.143310546875,112.15945434570312,0.9351550340652466,722.3754272460938,134.3616943359375,0.7660825848579407
253,726.4391479492188,21.637365341186523,0.8401938676834106,704.4003295898438,61.748653411865234,0.7962709665298462,643.2723999023438,113.34593200683594,0.9735311269760132,714.6913452148438,56.899932861328125,0.4874434769153595,706.378173828125,55.981868743896484,0.05282789468765259,716.9725952148438,89.39710998535156,0.04751067981123924,718.23095703125,94.5386734008789,0.2029952108860016,712.2041625976562,60.600589752197266,0.8569972515106201,707.8140869140625,92.6778793334961,0.815010666847229,715.5614624023438,112.22227478027344,0.9582712650299072,725.9556884765625,136.3329620361328,0.7774930596351624
254,728.2915649414062,20.906902313232422,0.8765085339546204,703.78173828125,64.07078552246094,0.9250230193138123,644.9833984375,114.57955932617188,0.9777267575263977,716.4844970703125,57.6630973815918,0.6880283355712891,711.0336303710938,59.172428131103516,0.14287768304347992,722.1974487304688,85.03105926513672,0.0645504891872406,721.4091796875,92.31132507324219,0.1400204598903656,716.0006103515625,60.490421295166016,0.9095118641853333,710.0726318359375,93.73033905029297,0.886598527431488,718.2872924804688,113.42703247070312,0.9433512687683105,728.0800170898438,137.19921875,0.45622068643569946
255,729.1954956054688,21.02863311767578,0.9184374213218689,704.7728271484375,65.63642883300781,0.9675257802009583,647.622802734375,115.23542785644531,0.9779580235481262,716.9570922851562,58.99856948852539,0.7609266638755798,713.3889770507812,61.16394805908203,0.24145838618278503,725.9840698242188,90.17896270751953,0.1269609034061432,724.6171875,79.28952026367188,0.06561219692230225,714.046142578125,64.13880157470703,0.8859339356422424,713.4402465820312,96.70030975341797,0.8114895820617676,723.3050537109375,114.76516723632812,0.8876903653144836,735.1631469726562,139.11598205566406,0.45225790143013
256,730.9407958984375,24.096160888671875,0.822943925857544,706.8583374023438,67.24124145507812,0.9520472288131714,649.87548828125,116.02912902832031,0.9947468638420105,718.0441284179688,59.28213119506836,0.7848477363586426,713.9842529296875,60.92683410644531,0.2754909098148346,726.5980834960938,85.86903381347656,0.041311077773571014,724.6273193359375,79.78469848632812,0.04075061157345772,716.8131713867188,64.39227294921875,0.8815984129905701,716.5858154296875,95.41102600097656,0.7140940427780151,726.8839721679688,116.21129608154297,0.9325352907180786,737.5148315429688,140.1209716796875,0.7168417572975159
257,733.1585693359375,25.223648071289062,0.6052522659301758,707.7513427734375,68.60138702392578,0.978236198425293,652.0131225585938,116.76480865478516,0.9975484013557434,722.2473754882812,59.39561080932617,0.8294611573219299,715.8438110351562,59.994842529296875,0.1625215709209442,726.6759643554688,57.24697494506836,0.007908032275736332,731.2161254882812,46.088623046875,0.009698959067463875,718.1068725585938,65.38328552246094,0.8585339188575745,720.4703369140625,98.61727905273438,0.7805577516555786,729.00830078125,117.82405853271484,0.9570766091346741,740.4133911132812,140.25350952148438,0.9148285984992981
258,735.6035766601562,27.832063674926758,0.29404202103614807,708.4046020507812,69.73371887207031,0.9297655820846558,655.239501953125,118.52205657958984,0.9892551898956299,723.90380859375,60.41422653198242,0.6301525235176086,719.0823364257812,57.75111770629883,0.12771637737751007,727.316650390625,57.07993698120117,0.026553772389888763,727.5173950195312,60.68101119995117,0.020983530208468437,722.7098388671875,64.2874526977539,0.790641188621521,722.398681640625,99.80915069580078,0.8592211604118347,730.9793090820312,117.28280639648438,0.9336989521980286,742.92138671875,140.33029174804688,0.7477461099624634
259,736.4840698242188,29.16633415222168,0.11599317938089371,709.7866821289062,71.52888488769531,0.860843300819397,657.464111328125,119.8104248046875,0.985913872718811,725.1043090820312,65.26177978515625,0.49172642827033997,720.8274536132812,57.929805755615234,0.04316054284572601,733.7594604492188,98.41300964355469,0.008716520853340626,766.0186767578125,5.623970985412598,0.007046168204396963,724.8020629882812,67.01873779296875,0.4540403485298157,725.3075561523438,101.12362670898438,0.6505026817321777,733.7172241210938,118.08112335205078,0.8851233720779419,748.9607543945312,143.8602294921875,0.5204461812973022
260,741.4743041992188,31.34073257446289,0.3837651014328003,714.6378173828125,73.14812469482422,0.8324785232543945,659.4686889648438,119.87581634521484,0.9916988611221313,729.260009765625,64.51820373535156,0.7422699332237244,725.593505859375,58.78240966796875,0.09875833243131638,731.6736450195312,58.69917297363281,0.009565451182425022,736.6262817382812,77.40353393554688,0.0187537744641304,725.111083984375,69.97785186767578,0.6839697360992432,730.2026977539062,103.17404174804688,0.7398503422737122,739.9021606445312,122.17811584472656,0.9123167991638184,752.27099609375,144.9363250732422,0.9386624097824097
261,742.8984985351562,32.608680725097656,0.39371031522750854,718.7439575195312,71.15475463867188,0.9088807106018066,661.4485473632812,121.0639877319336,0.9913299083709717,730.7365112304688,64.02037048339844,0.9536651968955994,726.4248046875,60.03459930419922,0.26665058732032776,737.6749267578125,78.00829315185547,0.04600093141198158,738.4363403320312,76.60494995117188,0.05242518335580826,729.8665771484375,65.94578552246094,0.8317621946334839,731.1796264648438,102.14776611328125,0.5549390316009521,741.9176025390625,121.19237518310547,0.8859339356422424,754.244384765625,142.92367553710938,0.8605929017066956
262,743.3748168945312,33.19377136230469,0.35682058334350586,718.619873046875,73.04671478271484,0.9600659608840942,663.2733154296875,122.15746307373047,0.9868306517601013,731.7601928710938,65.8272476196289,0.9332789778709412,728.016845703125,61.206146240234375,0.3275972306728363,738.4122924804688,77.52921295166016,0.027193719521164894,739.2147216796875,76.6562728881836,0.028947364538908005,730.9832763671875,68.01971435546875,0.8122591376304626,733.5128173828125,103.11073303222656,0.40870118141174316,746.4300537109375,124.15990447998047,0.8897795081138611,756.9883422851562,145.34695434570312,0.9190543293952942
263,745.4336547851562,32.8319091796875,0.5835562944412231,720.6267700195312,74.84838104248047,0.9327898621559143,665.2522583007812,123.57439422607422,0.9930463433265686,737.1219482421875,65.11973571777344,0.8723925948143005,737.3959350585938,73.04119110107422,0.17619231343269348,738.96826171875,59.347930908203125,0.020738692954182625,740.298583984375,61.0979118347168,0.06510535627603531,730.248779296875,72.98046875,0.8098611235618591,738.556884765625,105.77427673339844,0.6620023846626282,748.1481323242188,124.57374572753906,0.9244500994682312,759.6239624023438,145.0945281982422,0.8128541707992554
264,746.5763549804688,35.14399719238281,0.3239859640598297,723.2644653320312,75.80433654785156,0.9721170663833618,667.6277465820312,124.70160675048828,0.9968283772468567,735.1196899414062,70.04618072509766,0.7685590386390686,726.965087890625,63.1973991394043,0.05434919148683548,741.7017211914062,55.54330062866211,0.029280615970492363,742.212646484375,61.560447692871094,0.05617593228816986,731.5286254882812,73.7061996459961,0.9033940434455872,739.84228515625,105.03092956542969,0.9110816121101379,748.6407470703125,124.47331237792969,0.9002114534378052,763.8499755859375,146.03858947753906,0.46161356568336487
265,755.6277465820312,36.780242919921875,0.3145173192024231,725.2190551757812,76.61289978027344,0.9411993622779846,670.5366821289062,125.76460266113281,0.9921435117721558,736.4164428710938,69.61556243896484,0.7770730257034302,737.6761474609375,71.90067291259766,0.022100960835814476,750.7069091796875,100.7646484375,0.009989063255488873,743.6155395507812,75.24613189697266,0.012043267488479614,735.9367065429688,72.12926483154297,0.9025416970252991,742.0912475585938,105.0927734375,0.908450186252594,753.4053955078125,125.16205596923828,0.8873576521873474,768.189208984375,146.15191650390625,0.6365577578544617
266,756.7647094726562,37.09311294555664,0.3674311637878418,727.6925048828125,77.292724609375,0.9125298857688904,673.2120971679688,127.41448974609375,0.9712414145469666,739.4713745117188,70.41226196289062,0.9593507647514343,739.7579345703125,72.35291290283203,0.06349863111972809,744.315673828125,75.29876708984375,0.016459643840789795,751.5645141601562,77.74810028076172,0.06647619605064392,739.0322265625,72.92151641845703,0.9767341613769531,745.7052001953125,108.3896484375,0.8803848624229431,755.407470703125,126.04208374023438,0.8661467432975769,770.1380615234375,145.92279052734375,0.42563921213150024
267,757.352294921875,38.329803466796875,0.2664271891117096,729.8206176757812,78.47398376464844,0.9212912917137146,675.3079833984375,128.20692443847656,0.9731104373931885,741.8472290039062,71.98077392578125,0.9640694260597229,741.2608032226562,72.08457946777344,0.08907721191644669,751.4962158203125,78.33052062988281,0.07160766422748566,753.036865234375,79.2840347290039,0.1729026883840561,741.3712158203125,74.46790313720703,0.9910833835601807,747.5106201171875,109.19222259521484,0.7643113136291504,760.447021484375,127.92668151855469,0.8248758316040039,771.4803466796875,146.61526489257812,0.5601010918617249
268,754.0579833984375,42.38916015625,0.7023884057998657,731.9029541015625,79.3379898071289,0.8924176096916199,677.0504760742188,129.15037536621094,0.9734547138214111,744.2113647460938,72.76542663574219,0.9133862853050232,740.9739379882812,69.26652526855469,0.11462926119565964,752.8718872070312,76.85192108154297,0.07587837427854538,762.654296875,92.69425964355469,0.07682781666517258,743.081787109375,76.0706558227539,0.9812597632408142,750.1987915039062,109.7658462524414,0.7856504321098328,761.519287109375,127.94950103759766,0.9237989187240601,772.6201782226562,146.2600860595703,0.38906267285346985
269,757.16357421875,42.929443359375,0.7399459481239319,734.8087768554688,80.45159149169922,0.9688929319381714,679.1077880859375,130.01119995117188,0.9763184189796448,745.0079956054688,73.97918701171875,0.9439999461174011,746.1810302734375,76.05052947998047,0.31944650411605835,754.2557983398438,75.28346252441406,0.12672044336795807,761.634033203125,92.57032012939453,0.04498134180903435,744.1168212890625,77.62326049804688,0.9541550874710083,752.5861206054688,110.25161743164062,0.8942412734031677,763.000244140625,127.60162353515625,0.8997216820716858,775.1473999023438,145.7765655517578,0.12774458527565002
270,762.3367919921875,43.22936248779297,0.9126879572868347,737.0732421875,82.85474395751953,0.979904055595398,681.468994140625,130.97560119628906,0.9934154748916626,747.0597534179688,76.36532592773438,0.9671126008033752,747.2179565429688,77.57815551757812,0.6470842361450195,760.9006958007812,91.5977554321289,0.10666828602552414,757.8897094726562,78.65267944335938,0.12508319318294525,746.882568359375,79.02860260009766,0.9627038836479187,755.3246459960938,111.67996978759766,0.9455210566520691,764.8624877929688,128.0510711669922,0.9286912679672241,778.8107299804688,145.70602416992188,0.1652844250202179
271,767.2136840820312,43.781776428222656,0.9294438362121582,737.613037109375,84.12425231933594,0.9914450645446777,683.6245727539062,131.72352600097656,0.9970704317092896,750.8958740234375,75.68820190429688,0.9791152477264404,748.1350708007812,77.26307678222656,0.48203518986701965,757.8841552734375,74.9747543334961,0.06252101808786392,759.71923828125,77.83794403076172,0.13102389872074127,747.7886962890625,81.43496704101562,0.9741520881652832,758.8162231445312,115.51078796386719,0.9725322723388672,765.308837890625,128.1543426513672,0.9453852772712708,782.8558959960938,143.98219299316406,0.024996066465973854
272,768.5249633789062,45.758480072021484,0.950066864490509,738.4173583984375,85.49325561523438,0.9857590198516846,685.672607421875,133.15957641601562,0.9953560829162598,753.7669067382812,78.2296371459961,0.9760357737541199,752.4998779296875,76.69274139404297,0.40277495980262756,760.8468627929688,76.7989730834961,0.22756750881671906,772.729248046875,85.84415435791016,0.15938374400138855,752.1654052734375,80.40040588378906,0.9655115604400635,761.3331298828125,115.98148345947266,0.959153413772583,769.9137573242188,129.1901092529297,0.9321466088294983,784.9434814453125,143.92840576171875,0.013630173169076443
273,771.0933227539062,46.52630615234375,0.818617045879364,741.163330078125,86.35749816894531,0.9597878456115723,688.9071044921875,134.89227294921875,0.991527259349823,756.8955688476562,79.28838348388672,0.9882025122642517,755.6982421875,77.48200988769531,0.29780590534210205,771.235595703125,85.36349487304688,0.3304193317890167,776.3234252929688,85.62721252441406,0.5736492872238159,754.91796875,82.34545135498047,0.9820189476013184,763.577880859375,115.21432495117188,0.9229562282562256,772.0182495117188,128.8375701904297,0.9346084594726562,787.5882568359375,144.43910217285156,0.007381293922662735
274,775.4036254882812,47.644222259521484,0.6958510279655457,745.1203002929688,87.65528106689453,0.9418746829032898,690.6358032226562,135.9580078125,0.9926073551177979,759.2522583007812,81.30789947509766,0.9898924827575684,767.3951416015625,83.25529479980469,0.644743800163269,773.80615234375,83.91573333740234,0.7666444182395935,779.2781982421875,84.87982177734375,0.9287213683128357,756.8740844726562,84.15514373779297,0.9887170791625977,765.033203125,115.79564666748047,0.8496514558792114,773.5220336914062,129.26629638671875,0.9092857241630554,775.139892578125,187.6018524169922,0.004730189219117165
275,777.2597045898438,49.625728607177734,0.6525133848190308,748.36669921875,88.1960678100586,0.965884804725647,692.297119140625,136.226318359375,0.993000864982605,760.0513916015625,80.17092895507812,0.9831843972206116,768.5958251953125,82.40215301513672,0.605075478553772,775.9475708007812,83.24549865722656,0.6294779181480408,779.6600952148438,84.58187866210938,0.6733317971229553,757.9431762695312,85.48267364501953,0.9721429347991943,769.2197265625,116.74933624267578,0.9216141700744629,778.557861328125,131.79075622558594,0.9024271368980408,779.9618530273438,188.7376708984375,0.048920780420303345
276,777.2103271484375,50.05989074707031,0.28810620307922363,749.0971069335938,88.49031066894531,0.9798675775527954,693.8618774414062,137.64881896972656,0.9888110160827637,762.7207641601562,81.30894470214844,0.9870888590812683,768.3854370117188,82.69073486328125,0.6622717380523682,775.2333984375,83.58326721191406,0.6507757902145386,777.6094360351562,85.23567199707031,0.8070254921913147,760.009765625,86.77792358398438,0.9682720899581909,770.75146484375,117.48567962646484,0.9543015956878662,776.5535888671875,130.07032775878906,0.908110499382019,780.26123046875,189.22605895996094,0.1337880641222
277,784.139404296875,51.81630325317383,0.2715454697608948,750.9349975585938,91.11272430419922,0.9874356985092163,695.5138549804688,138.85316467285156,0.9848493337631226,764.6902465820312,84.37167358398438,0.984233021736145,768.7675170898438,83.54411315917969,0.764900267124176,775.8421630859375,83.09542846679688,0.8197426795959473,785.0848388671875,85.73298645019531,0.920522153377533,762.3074340820312,89.56350708007812,0.9866443276405334,772.5175170898438,119.32814025878906,0.9551700353622437,778.737060546875,131.3118133544922,0.9305352568626404,780.3587646484375,189.12791442871094,0.23840835690498352
278,785.3324584960938,53.70512390136719,0.482551634311676,753.8413696289062,92.27409362792969,0.9965919256210327,697.5968627929688,139.65760803222656,0.9913104772567749,766.4815673828125,86.22760009765625,0.981016218662262,771.2369995117188,85.11961364746094,0.5112261176109314,778.9610595703125,83.45003509521484,0.7303062677383423,787.4567260742188,85.44823455810547,0.7691332101821899,764.3552856445312,89.4283676147461,0.9953474402427673,775.56787109375,120.27012634277344,0.9614914655685425,782.80322265625,131.43472290039062,0.9395774006843567,779.6798095703125,188.53326416015625,0.4197843670845032
279,784.6868286132812,53.98035430908203,0.335145503282547,756.7511596679688,92.55551147460938,0.9859473705291748,699.6602172851562,140.82664489746094,0.9965085387229919,769.2232055664062,86.48735046386719,0.9892717599868774,772.757080078125,86.12246704101562,0.37184804677963257,781.6404418945312,85.11975860595703,0.6183814406394958,790.993896484375,87.60162353515625,0.6184203624725342,767.7711181640625,89.20211029052734,0.9908350706100464,779.6466674804688,121.93579864501953,0.9280956387519836,785.4114990234375,130.83053588867188,0.98173588514328,779.6371459960938,187.97015380859375,0.48814648389816284
280,785.7094116210938,55.56157684326172,0.3692321181297302,758.147705078125,93.7969741821289,0.9248369932174683,702.3882446289062,142.1626434326172,0.9903556108474731,771.7482299804688,88.17288970947266,0.998772919178009,780.9225463867188,91.74047088623047,0.4665282368659973,789.3760375976562,91.24850463867188,0.8448776006698608,795.246826171875,91.9319839477539,0.7935941815376282,770.1773071289062,91.17182159423828,0.9985532164573669,780.4749755859375,120.8895263671875,0.90119868516922,787.5174560546875,130.73635864257812,0.9709635972976685,779.822265625,187.9388427734375,0.459281325340271
281,786.6174926757812,54.91585922241211,0.0990336462855339,761.6015014648438,94.7397689819336,0.8160799145698547,704.3341674804688,143.3583526611328,0.942742645740509,774.2075805664062,89.2362060546875,0.9965311884880066,786.7246704101562,96.9929428100586,0.6603701710700989,791.283935546875,90.56974792480469,0.8767344951629639,796.9033203125,92.11925506591797,0.865165114402771,772.1465454101562,92.66032409667969,0.9976084232330322,781.6241455078125,122.48239135742188,0.8097745180130005,787.7532958984375,131.09523010253906,0.9054414629936218,779.6090087890625,188.0973663330078,0.49653810262680054
282,787.4882202148438,57.50000762939453,0.146526500582695,762.3533935546875,97.04767608642578,0.8957715630531311,707.0408325195312,144.6947021484375,0.9835079908370972,775.4735107421875,90.79730224609375,0.9910985827445984,787.2946166992188,97.51419830322266,0.6927487254142761,792.233154296875,90.51142883300781,0.8378633260726929,801.6500244140625,97.90901947021484,0.8920555710792542,773.4080200195312,94.21637725830078,0.9942700862884521,784.1801147460938,124.46568298339844,0.8528329133987427,790.1503295898438,132.2232208251953,0.9068975448608398,779.67236328125,188.5237579345703,0.2570095956325531
283,788.7442626953125,57.93246841430664,0.24564412236213684,762.8956909179688,99.58287811279297,0.9397530555725098,708.5931396484375,145.81784057617188,0.9901666641235352,775.113037109375,91.59632873535156,0.9819781184196472,784.8943481445312,92.42613983154297,0.7996008992195129,793.4159545898438,89.90167236328125,0.8668907880783081,804.8588256835938,97.21961212158203,0.9608944058418274,774.8955078125,96.21607971191406,0.9759196639060974,786.0169067382812,124.784423828125,0.8450997471809387,791.6077880859375,131.95916748046875,0.832040548324585,776.1093139648438,187.83604431152344,0.13632091879844666
284,794.3568725585938,58.41745376586914,0.2869643270969391,765.8527221679688,100.79307556152344,0.9620804190635681,710.0756225585938,146.35293579101562,0.9908828139305115,779.19921875,94.70355987548828,0.9941509366035461,786.9732666015625,93.45044708251953,0.8315445184707642,795.2976684570312,92.09721374511719,0.773010790348053,807.0499267578125,97.5927505493164,0.8164756298065186,776.923828125,97.96705627441406,0.958228588104248,788.4202270507812,126.064697265625,0.9423205256462097,796.712646484375,135.64869689941406,0.6614225506782532,775.846923828125,187.69992065429688,0.15873025357723236
285,794.8068237304688,59.50474166870117,0.11903165280818939,767.0147094726562,102.61222839355469,0.9796512722969055,712.3410034179688,147.88671875,0.9882513880729675,781.5941772460938,96.40213775634766,0.9925543665885925,790.3040771484375,98.57469940185547,0.6648537516593933,802.0366821289062,99.16722869873047,0.7839164733886719,811.7001953125,98.96253204345703,0.9414700269699097,779.3486938476562,100.23057556152344,0.9681261777877808,792.6093139648438,128.34214782714844,0.9046293497085571,799.4840698242188,136.61575317382812,0.3348621726036072,775.3533935546875,187.78228759765625,0.23840776085853577
286,799.8931884765625,66.12843322753906,0.06076648458838463,768.7877197265625,104.5881576538086,0.941569983959198,714.5054321289062,149.02420043945312,0.99460369348526,785.4998779296875,97.47179412841797,0.9937001466751099,795.39697265625,99.1738510131836,0.629135012626648,804.5440063476562,99.99898529052734,0.9148982763290405,814.0540771484375,101.24555206298828,0.9642461538314819,784.281005859375,100.43814849853516,0.9692667126655579,795.2263793945312,127.91484832763672,0.7867425084114075,801.9692993164062,136.92356872558594,0.33609023690223694,774.9127807617188,187.84527587890625,0.31516262888908386
287,800.7758178710938,67.37162017822266,0.11689358204603195,771.01513671875,105.08830261230469,0.9294588565826416,716.652099609375,150.74435424804688,0.9912019968032837,788.0330200195312,99.78278350830078,0.9952054023742676,798.0532836914062,101.2363510131836,0.8124876022338867,805.3840942382812,100.94596862792969,0.9635964035987854,815.167236328125,101.15766143798828,0.9797319769859314,786.3361206054688,102.54105377197266,0.9794471263885498,797.15576171875,127.037353515625,0.7797684669494629,804.1874389648438,137.00198364257812,0.26901400089263916,774.5208129882812,188.01336669921875,0.30139485001564026
288,800.7577514648438,68.00940704345703,0.06503378599882126,773.642578125,105.97898864746094,0.9344993233680725,718.2902221679688,151.51512145996094,0.9784624576568604,789.9763793945312,101.87265014648438,0.9942092895507812,798.9642944335938,102.60972595214844,0.8534600734710693,805.384765625,100.81686401367188,0.9652529358863831,814.5477294921875,100.19036102294922,0.9920482039451599,786.8265380859375,104.08919525146484,0.9938614368438721,798.301513671875,130.8996124267578,0.8762703537940979,803.789794921875,136.35418701171875,0.3612017333507538,774.3455810546875,187.71682739257812,0.3517778813838959
289,801.8453369140625,70.08026123046875,0.13558441400527954,777.0105590820312,107.29170227050781,0.9240725636482239,850.9991455078125,60.288761138916016,0.9932500123977661,791.1640625,103.11293029785156,0.9919953346252441,801.3304443359375,106.25399017333984,0.6868735551834106,806.5327758789062,101.9471664428711,0.8637318015098572,818.17724609375,101.42517852783203,0.9770663380622864,788.7610473632812,106.051513671875,0.9977355003356934,799.9746704101562,132.21340942382812,0.9156271815299988,804.5590209960938,137.37326049804688,0.25942033529281616,774.2831420898438,187.36856079101562,0.37538960576057434
290,804.11474609375,72.79436492919922,0.22609375417232513,777.8193359375,109.30992126464844,0.8962150812149048,721.9342651367188,153.97763061523438,0.9927543997764587,793.1019897460938,104.65737915039062,0.9897837042808533,802.37060546875,106.78591918945312,0.538707435131073,808.2152099609375,100.89905548095703,0.7781949043273926,819.3944091796875,102.37362670898438,0.9204936027526855,790.597412109375,108.28276062011719,0.9974977374076843,800.5052490234375,133.9792938232422,0.9183438420295715,806.8927612304688,143.5290069580078,0.2307359129190445,777.50830078125,188.09983825683594,0.4297030568122864
291,802.2465209960938,73.6913070678711,0.20398074388504028,780.7246704101562,112.63925170898438,0.9593544602394104,723.3648071289062,155.07044982910156,0.9955708384513855,794.8662719726562,106.00033569335938,0.9679887294769287,803.2930908203125,107.60596466064453,0.432547390460968,810.934326171875,101.2562484741211,0.6590999364852905,822.5897216796875,102.73431396484375,0.5491248369216919,791.7888793945312,110.73368835449219,0.9933051466941833,801.1048583984375,136.30059814453125,0.5910167098045349,807.3107299804688,144.99134826660156,0.16419735550880432,774.25439453125,187.02687072753906,0.42324331402778625
292,806.517578125,74.81846618652344,0.26665011048316956,782.414794921875,114.52252960205078,0.9891653656959534,724.9207153320312,155.7421112060547,0.9963286519050598,796.3154907226562,107.44413757324219,0.9529655575752258,804.2239379882812,108.39754486083984,0.6270787715911865,812.6107177734375,102.17442321777344,0.7235182523727417,816.6026611328125,108.47782135009766,0.3674605190753937,794.6749267578125,110.95387268066406,0.9770061373710632,800.4364013671875,138.99819946289062,0.6252706050872803,806.4568481445312,144.84442138671875,0.1698494255542755,774.1785278320312,186.8899383544922,0.5605965256690979
293,812.6015625,77.6039047241211,0.35326874256134033,783.066650390625,116.58404541015625,0.9849876761436462,727.3284912109375,157.50881958007812,0.9934679865837097,797.130615234375,111.46928405761719,0.8291103839874268,802.7362670898438,108.38691711425781,0.5501105785369873,809.3184204101562,107.9095230102539,0.4711071848869324,814.4705810546875,110.95967102050781,0.49604371190071106,795.2338256835938,114.40286254882812,0.9505559802055359,800.5573120117188,140.64859008789062,0.593350350856781,806.35205078125,146.77696228027344,0.07680711895227432,774.2593383789062,187.15402221679688,0.497096449136734
294,814.1038818359375,77.83193969726562,0.7470124363899231,783.36767578125,118.4500503540039,0.9791654348373413,729.7979736328125,158.54200744628906,0.9950084686279297,799.2310180664062,113.96566009521484,0.7244430780410767,801.5804443359375,109.64014434814453,0.2532576322555542,809.2243041992188,108.80975341796875,0.3385883867740631,814.0671997070312,111.77006530761719,0.3669133484363556,797.4953002929688,117.04818725585938,0.8927701711654663,801.4722900390625,142.66848754882812,0.4031629264354706,810.820068359375,149.60580444335938,0.042840100824832916,774.5745849609375,187.08641052246094,0.6547195911407471
295,814.5380249023438,78.79869079589844,0.4227149784564972,785.197998046875,119.67853546142578,0.9118338823318481,732.1967163085938,159.7949676513672,0.9891847372055054,801.2996826171875,115.52392578125,0.35856419801712036,801.9674072265625,110.60865783691406,0.05096825957298279,810.908935546875,109.95872497558594,0.060659606009721756,831.28564453125,110.79505920410156,0.09235238283872604,798.5196533203125,119.97727966308594,0.8359120488166809,801.4848022460938,144.0947265625,0.046460967510938644,811.9938354492188,150.7085723876953,0.00912376120686531,777.3982543945312,187.31375122070312,0.6091929078102112
296,815.01953125,84.6158447265625,0.3559170067310333,790.3405151367188,121.16963195800781,0.8305589556694031,734.2540283203125,161.47401428222656,0.9928158521652222,800.95458984375,119.80120086669922,0.06153717637062073,800.57568359375,111.61441802978516,0.008103815838694572,808.9325561523438,121.06204223632812,0.004457540810108185,812.5697631835938,124.40605926513672,0.012306338176131248,798.8374633789062,121.52980041503906,0.695288896560669,798.7108154296875,140.904052734375,0.028932785615324974,782.3319091796875,182.9822998046875,0.007969248108565807,774.7654418945312,186.72596740722656,0.6672776937484741
297,816.571533203125,86.63985443115234,0.39868301153182983,790.6918334960938,122.80833435058594,0.9355945587158203,736.010009765625,162.61094665527344,0.9931384921073914,801.4131469726562,122.98353576660156,0.030133988708257675,801.2742919921875,111.98625946044922,0.006139831617474556,809.4854125976562,122.9234619140625,0.00255973101593554,812.6346435546875,126.09039306640625,0.00836885441094637,800.3143310546875,124.04779815673828,0.5156698226928711,797.888916015625,140.9920654296875,0.04722170904278755,784.55224609375,178.60150146484375,0.017094377428293228,774.8702392578125,187.0386505126953,0.7038861513137817
298,818.9627685546875,91.28009796142578,0.3062140643596649,790.7073364257812,124.27137756347656,0.9676693081855774,737.7421264648438,164.3045654296875,0.9984877109527588,801.6836547851562,123.36459350585938,0.025347203016281128,801.404296875,119.43399047851562,0.006174493581056595,806.9263305664062,142.89141845703125,0.0004913624725304544,811.5934448242188,143.99285888671875,0.0019131966400891542,800.9954833984375,125.7804946899414,0.4541289508342743,798.2737426757812,140.90939331054688,0.03539392352104187,782.5538330078125,183.06455993652344,0.013911906629800797,777.12451171875,187.09722900390625,0.6955010294914246
299,821.4081420898438,91.2364273071289,0.3700009286403656,793.1213989257812,125.70860290527344,0.9935804605484009,739.6954345703125,166.08624267578125,0.9987253546714783,804.5093383789062,125.79338836669922,0.14644964039325714,803.0992431640625,120.3458251953125,0.007567576598376036,834.3262939453125,113.27098846435547,0.002430293010547757,846.2238159179688,115.24286651611328,0.0008524707518517971,802.5996704101562,127.35700988769531,0.7784262895584106,799.147705078125,141.50843811035156,0.03969923034310341,782.6211547851562,182.64810180664062,0.03692924231290817,777.696533203125,186.95367431640625,0.8069292902946472
300,826.3233642578125,92.21544647216797,0.24146299064159393,793.366943359375,128.77325439453125,0.9915663599967957,742.0277099609375,167.2686767578125,0.9974198341369629,806.144287109375,127.53448486328125,0.0557231605052948,803.1765747070312,121.39494323730469,0.0038013183511793613,841.169921875,112.40586853027344,0.0013955608010292053,781.8905029296875,186.71536254882812,0.0005474854842759669,803.6446533203125,129.89576721191406,0.39273586869239807,799.1466674804688,141.7296905517578,0.021525248885154724,782.966552734375,182.18064880371094,0.03740667179226875,778.3548583984375,186.2102813720703,0.8665867447853088
301,826.1865844726562,94.97235870361328,0.2323506623506546,793.3497924804688,130.71180725097656,0.9727296829223633,743.4522705078125,168.7839813232422,0.9936583638191223,806.3872680664062,128.43978881835938,0.008028123527765274,812.8391723632812,125.81131744384766,0.0018983986228704453,843.035888671875,117.99797058105469,0.0006525241769850254,782.5142822265625,186.7886962890625,0.0005290710832923651,804.3008422851562,140.0906219482422,0.07739030569791794,798.3672485351562,141.10263061523438,0.014105554670095444,783.02880859375,177.69528198242188,0.02997739240527153,779.4168701171875,185.37966918945312,0.9239190220832825
302,826.7864990234375,95.99447631835938,0.40097543597221375,793.1458740234375,131.6233367919922,0.8472057580947876,745.439208984375,170.1799774169922,0.9993879795074463,805.1124267578125,137.93063354492188,0.007999803870916367,814.2238159179688,140.30374145507812,0.002846300369128585,843.0728149414062,117.51051330566406,0.000428981235018,783.9741821289062,186.64276123046875,0.0003517785225994885,804.6668090820312,141.29849243164062,0.1743309497833252,801.8814697265625,145.17637634277344,0.03120114840567112,783.4431762695312,177.1380615234375,0.03606643155217171,778.6653442382812,183.8485870361328,0.9606499671936035
303,827.821044921875,97.11952209472656,0.4172685742378235,795.3379516601562,132.16302490234375,0.60103839635849,747.219482421875,171.45216369628906,0.9997522234916687,809.3026733398438,140.5450897216797,0.005511322990059853,814.0053100585938,125.88550567626953,0.0021684521343559027,843.2481689453125,118.82035064697266,0.00028708032914437354,751.0418090820312,174.89833068847656,0.0002353769523324445,808.3154296875,143.73545837402344,0.21318675577640533,801.8167724609375,145.23814392089844,0.006564880255609751,784.2413330078125,177.70248413085938,0.014373773708939552,779.4064331054688,185.82553100585938,0.9499837160110474
304,829.1679077148438,96.14009857177734,0.5248343348503113,797.7797241210938,132.81768798828125,0.19306525588035583,749.82275390625,173.21925354003906,0.9996161460876465,809.2167358398438,141.74221801757812,0.0025006390642374754,812.901123046875,142.71290588378906,0.00016269499610643834,837.5330200195312,109.74590301513672,0.00015463001909665763,751.1902465820312,175.39315795898438,0.0002121449215337634,808.6281127929688,144.9292449951172,0.13745790719985962,775.2175903320312,183.4676513671875,0.00053110730368644,784.3983764648438,178.89527893066406,0.009016827680170536,779.8623657226562,186.60096740722656,0.9111985564231873
305,832.3501586914062,96.9588851928711,0.33985328674316406,807.4411010742188,140.65025329589844,0.5037025213241577,751.4456176757812,174.3175048828125,0.9983211159706116,810.7736206054688,141.01904296875,0.0015939682489261031,812.4603271484375,125.27920532226562,0.00010138001380255446,837.2171630859375,110.17508697509766,8.478329982608557e-05,750.9876098632812,175.36280822753906,0.00020006191334687173,810.5374145507812,144.0830078125,0.0999206155538559,768.6571655273438,183.83627319335938,0.0005900017567910254,784.954833984375,178.83106994628906,0.01027102954685688,779.7525024414062,186.61007690429688,0.897922158241272
306,833.8403930664062,102.49848175048828,0.11263212561607361,808.4456176757812,140.71311950683594,0.9198638200759888,754.7536010742188,175.51239013671875,0.9973790645599365,812.7118530273438,141.69386291503906,0.0029465954285115004,812.0367431640625,127.48358154296875,0.00012396952661219984,768.9187622070312,174.49850463867188,9.19123413041234e-05,751.7750854492188,175.75265502929688,0.0002061638078885153,812.3248901367188,144.57827758789062,0.13579152524471283,769.6343994140625,185.1653289794922,0.0006783290882594883,785.7832641601562,178.69802856445312,0.006823774427175522,780.0994873046875,186.99435424804688,0.7193140983581543
307,836.139892578125,102.30068969726562,0.2736187279224396,808.2059936523438,141.60745239257812,0.8679468035697937,755.7300415039062,176.62013244628906,0.9993151426315308,813.2732543945312,142.74594116210938,0.005669792648404837,811.534423828125,140.5646209716797,0.0002629934751894325,784.5204467773438,186.9624786376953,9.17044235393405e-05,828.9107666015625,111.2098388671875,0.00011122781870653853,813.2203979492188,145.7555694580078,0.07086344063282013,787.5665283203125,173.6836700439453,0.0026583136059343815,787.6027221679688,179.2605438232422,0.07893839478492737,781.8865356445312,187.9141082763672,0.715968668460846
308,818.9412841796875,125.12560272216797,0.3940298855304718,811.0389404296875,142.51837158203125,0.7811484336853027,756.3377075195312,178.666015625,0.9997696280479431,816.314697265625,140.87521362304688,0.0013028292451053858,813.927490234375,140.18150329589844,0.0001226009044330567,750.3084716796875,174.66778564453125,5.745757880504243e-05,760.8878173828125,178.22866821289062,0.00015585569781251252,816.184326171875,144.5642852783203,0.017666039988398552,773.2955322265625,185.44577026367188,0.0006885966286063194,788.3463134765625,180.3460235595703,0.007529692258685827,783.0789184570312,189.62986755371094,0.07519816607236862
309,845.8621826171875,105.3348159790039,0.6680912971496582,811.0358276367188,143.48934936523438,0.4533018469810486,757.2791748046875,180.33544921875,0.9997732043266296,816.640625,142.62631225585938,0.0010352707467973232,816.2789306640625,131.0728759765625,0.0001875538582680747,769.0997314453125,176.84844970703125,9.01667372090742e-05,760.9580688476562,178.890380859375,0.00018660347268451005,815.87890625,145.6441192626953,0.005223541054874659,772.7913818359375,185.40464782714844,0.0010750561486929655,787.778076171875,179.8707275390625,0.0015126315411180258,783.5309448242188,189.16763305664062,0.004939074628055096
310,848.193359375,107.10281372070312,0.7755336761474609,813.005126953125,145.70558166503906,0.014531264081597328,758.99267578125,182.02818298339844,0.9989607334136963,768.7948608398438,184.7559356689453,0.00013643852435052395,817.28564453125,130.67686462402344,0.00022055924637243152,840.9620361328125,109.97624969482422,0.00011790222197305411,843.9518432617188,112.69185638427734,0.00017877022037282586,825.5288696289062,144.44583129882812,9.046152990777045e-05,771.83447265625,185.7967529296875,0.0009744235430844128,788.2575073242188,179.31211853027344,0.00044917003833688796,785.0413208007812,189.5908660888672,0.0004240639682393521
311,849.3834228515625,108.03177642822266,0.718307375907898,813.47509765625,146.2917022705078,0.005167079158127308,761.1158447265625,182.839599609375,0.9960381984710693,768.8292846679688,185.1475067138672,0.00016290563507936895,817.9444580078125,130.76815795898438,0.00040652346797287464,842.2969360351562,109.25130462646484,0.00014054255734663457,844.3770141601562,112.39866638183594,0.00015957787400111556,826.5338134765625,144.18605041503906,0.0003391370119061321,771.835693359375,185.97857666015625,0.000858194543980062,788.0468139648438,178.08502197265625,0.0008709107642062008,785.4000244140625,189.91787719726562,0.00016765402688179165
312,851.9874267578125,108.34171295166016,0.8503490090370178,814.4296264648438,147.08688354492188,0.005761431530117989,761.5313110351562,182.77899169921875,0.9918377995491028,840.5717163085938,131.16903686523438,0.00020792015129700303,817.4547119140625,131.49298095703125,0.00041174094076268375,844.0588989257812,109.59408569335938,0.0002413137990515679,862.9625244140625,136.1644744873047,0.00026984576834365726,827.9404907226562,144.2606658935547,0.0007685210439376533,771.4597778320312,186.05276489257812,0.0005875539500266314,788.2013549804688,177.89227294921875,0.0011638657888397574,785.6917114257812,189.99124145507812,0.0002072100614896044
313,854.2314453125,107.05734252929688,0.9479002356529236,814.603271484375,147.2184295654297,0.015434318222105503,761.2594604492188,182.57012939453125,0.9929653406143188,839.8161010742188,130.2963104248047,0.0004530658188741654,817.0574951171875,131.36459350585938,0.0005094317602925003,843.6495361328125,109.6330337524414,0.00011159102723468095,845.86376953125,111.98495483398438,0.00020357230096124113,827.8240966796875,144.63316345214844,0.0008037143270485103,811.413818359375,125.20687866210938,0.0006368779577314854,789.2452392578125,179.47496032714844,0.0016378695145249367,786.084716796875,189.99411010742188,0.00048246284131892025
314,855.942626953125,107.31586456298828,0.9882351160049438,814.4448852539062,146.9331817626953,0.017390497028827667,759.973388671875,182.25506591796875,0.9965180158615112,841.0639038085938,130.40664672851562,0.0018169855466112494,817.0448608398438,131.45262145996094,0.00037606529076583683,843.8303833007812,110.27594757080078,9.448739001527429e-05,846.2743530273438,112.5281982421875,0.0001291043299715966,828.2398071289062,143.96751403808594,0.0011855368502438068,771.7649536132812,186.08151245117188,0.0007004801300354302,789.1648559570312,179.33233642578125,0.0013184588169679046,785.7454223632812,189.91065979003906,0.0005437873187474906
315,858.7586059570312,107.96228790283203,0.997500479221344,814.24658203125,146.655517578125,0.012217313051223755,759.6083374023438,181.76890563964844,0.9979348182678223,841.4387817382812,130.47586059570312,0.0006025895709171891,816.4503784179688,131.29864501953125,0.00019533598970156163,854.1182250976562,112.67173767089844,8.79727813298814e-05,856.3726806640625,113.5797119140625,0.00016517582116648555,828.2286987304688,143.54611206054688,0.0005039784009568393,771.6665649414062,186.12974548339844,0.0007401870097965002,788.93212890625,178.86602783203125,0.0011142498115077615,785.3715209960938,189.55020141601562,0.0006216288893483579
316,859.341796875,108.46519470214844,0.9987442493438721,813.7964477539062,145.77479553222656,0.016412952914834023,759.398681640625,181.15451049804688,0.9988701939582825,841.8069458007812,131.33853149414062,0.00019024527864530683,816.1815185546875,131.3943634033203,0.00022975521278567612,854.68359375,112.76454162597656,0.00012927914212923497,857.02392578125,113.78961944580078,0.00024378378293477,828.216796875,143.584228515625,0.00024140811001416296,771.5808715820312,186.14613342285156,0.0007582584512419999,788.476806640625,178.6322479248047,0.0012300238013267517,784.9741821289062,189.2223663330078,0.0008088659378699958
317,859.4520874023438,108.03839111328125,0.9969929456710815,813.1835327148438,145.8571014404297,0.033044394105672836,759.2542114257812,180.46388244628906,0.999207079410553,768.5872802734375,185.17552185058594,0.0001409417891409248,815.596923828125,131.52040100097656,0.00014490867033600807,769.0835571289062,176.89736938476562,0.00011248792725382373,766.2538452148438,179.48501586914062,0.00012215071183163673,856.7218017578125,114.50506591796875,0.00019221466209273785,771.5983276367188,186.2650146484375,0.0006925997440703213,788.076904296875,178.63087463378906,0.002205509692430496,784.540283203125,189.2893829345703,0.0018701782682910562
318,858.4948120117188,109.35494232177734,0.9947395920753479,812.9851684570312,145.65065002441406,0.04519527032971382,759.064453125,179.74591064453125,0.99954754114151,768.8081665039062,184.92666625976562,0.00013414370187092572,815.0567016601562,131.19329833984375,0.00010391770774731413,769.3101806640625,176.96871948242188,0.00011121868737973273,766.3974609375,179.73614501953125,0.00013957404007669538,770.9441528320312,182.81463623046875,9.865993342828006e-05,771.9119873046875,186.05487060546875,0.0007626416045241058,787.9171752929688,178.79022216796875,0.002821351168677211,783.9896240234375,189.38616943359375,0.0042991796508431435
319,857.1055297851562,109.40473937988281,0.964257001876831,812.411376953125,146.0050506591797,0.06532458961009979,758.7815551757812,179.05972290039062,0.9997187256813049,769.1055297851562,184.65463256835938,0.00011635135160759091,814.7777709960938,131.1865234375,8.204753248719499e-05,769.3975830078125,176.9731903076172,9.554556891089305e-05,761.523681640625,178.79100036621094,0.00014758521865587682,771.2027587890625,182.55117797851562,9.713569306768477e-05,772.5648193359375,185.7431640625,0.0008005811832845211,787.7415771484375,179.3335723876953,0.004080547951161861,783.391845703125,189.57110595703125,0.00949663296341896
320,855.0698852539062,107.89022827148438,0.9078704714775085,811.9246215820312,145.81385803222656,0.14689955115318298,758.7223510742188,178.175048828125,0.999782145023346,769.202880859375,184.55198669433594,0.00011152868682984263,814.3507080078125,131.130126953125,7.579279190395027e-05,769.4376220703125,176.91531372070312,0.00010125046537723392,766.81298828125,179.99288940429688,0.00018229932175017893,771.253173828125,182.52833557128906,9.944958583218977e-05,772.9767456054688,185.56683349609375,0.0007067183614708483,787.720703125,179.08786010742188,0.005285067483782768,782.9326782226562,189.4346466064453,0.01933240331709385
321,854.2559814453125,107.52835083007812,0.7386545538902283,811.3843383789062,145.64649963378906,0.12124228477478027,758.80908203125,177.47280883789062,0.9997832179069519,776.0777587890625,182.80572509765625,0.0001161312175099738,814.2672729492188,130.75765991210938,6.606191163882613e-05,769.5555419921875,177.02613830566406,8.284513023681939e-05,767.0852661132812,180.13662719726562,0.00017896294593811035,771.4033203125,182.5247039794922,9.902186866384e-05,773.579833984375,185.3633575439453,0.0005713138380087912,787.688232421875,179.4082489013672,0.005736825056374073,782.8217163085938,189.610595703125,0.04324457049369812
322,853.1962280273438,107.47079467773438,0.4822348356246948,810.8235473632812,145.37879943847656,0.15952514111995697,758.6900634765625,176.65469360351562,0.9997469782829285,775.9443969726562,182.57017517089844,0.0001270205102628097,814.0626831054688,130.2111358642578,7.552339229732752e-05,769.7864379882812,176.86776733398438,7.055672904243693e-05,767.5309448242188,180.1650390625,0.00019995587354060262,771.4359130859375,182.626220703125,0.00011061623081332073,773.732666015625,185.0470733642578,0.00044890810386277735,787.5421752929688,179.44677734375,0.008109206333756447,782.2736206054688,189.26324462890625,0.05930047854781151
323,852.679443359375,106.65240478515625,0.1409311592578888,805.5650024414062,148.30308532714844,0.13663749396800995,758.8378295898438,175.59042358398438,0.9994681477546692,775.6422119140625,182.52101135253906,0.000123938312754035,814.2023315429688,129.54522705078125,0.0001075753170880489,783.0452270507812,187.1119384765625,6.342891720123589e-05,767.9827880859375,180.0845947265625,0.0001944471732713282,771.1090698242188,182.82147216796875,0.0001436988968634978,773.7830200195312,185.101318359375,0.0002892584598157555,787.38330078125,179.3092803955078,0.011234947480261326,781.8768920898438,189.02191162109375,0.1221066266298294
324,824.8560791015625,126.2258529663086,0.10999110341072083,805.0198364257812,148.18936157226562,0.28095871210098267,758.2776489257812,174.32957458496094,0.9996579885482788,775.6417846679688,182.29078674316406,0.00011712678679032251,814.2864379882812,129.1266632080078,0.00023884688562247902,783.1405639648438,186.88848876953125,7.00982054695487e-05,780.7440795898438,190.67831420898438,0.00042004568967968225,801.2769165039062,161.7239990234375,0.00017472417675890028,789.408447265625,172.9701690673828,0.0003523950872477144,787.4180908203125,179.29115295410156,0.023978780955076218,781.3912353515625,188.63697814941406,0.2839769721031189
325,824.994140625,125.68022155761719,0.18970318138599396,804.9957275390625,147.7964630126953,0.3782786726951599,757.9628295898438,173.99305725097656,0.9996978044509888,775.6589965820312,182.2045440673828,0.00010915890015894547,814.3905639648438,129.4339141845703,0.00023622703156434,783.8222045898438,186.51071166992188,8.798309863777831e-05,781.4361572265625,190.2354278564453,0.0006200501811690629,800.7963256835938,161.13180541992188,0.0002521720598451793,789.4248046875,173.38345336914062,0.0008688531233929098,787.431396484375,179.58116149902344,0.05317937955260277,780.8351440429688,188.58349609375,0.567374587059021
326,825.3125610351562,125.12196350097656,0.17158839106559753,805.0863647460938,147.07070922851562,0.33822232484817505,757.9866333007812,173.5971221923828,0.9996885061264038,775.2435913085938,182.42491149902344,9.788644820218906e-05,814.6798095703125,129.27191162109375,0.00011382665979908779,787.4375,186.65826416015625,0.00010017733438871801,787.096923828125,189.59178161621094,0.0008496713126078248,815.8645629882812,148.46664428710938,0.00033344340045005083,789.31494140625,173.76858520507812,0.0010105168912559748,787.4087524414062,179.65213012695312,0.08645796775817871,780.2999877929688,187.9676971435547,0.7764904499053955
327,825.29052734375,124.54512786865234,0.11569508165121078,804.8059692382812,146.50315856933594,0.3456188142299652,757.6488647460938,173.3160400390625,0.9997521042823792,775.156494140625,182.37704467773438,8.59984356793575e-05,814.5882568359375,128.83721923828125,0.00014960898261051625,787.2855834960938,185.87254333496094,0.00011351470311637968,787.0359497070312,188.2581024169922,0.0012002650182694197,814.9242553710938,147.8729705810547,0.0006853495724499226,788.8917846679688,174.14578247070312,0.0021057261619716883,787.2698974609375,179.91146850585938,0.14659465849399567,779.9825439453125,187.64674377441406,0.859517514705658
328,856.20849609375,105.54505920410156,0.09550672769546509,804.2782592773438,145.69789123535156,0.3574990928173065,756.9923095703125,172.72109985351562,0.9997923970222473,817.4979248046875,137.14923095703125,7.268362969625741e-05,814.4491577148438,128.80416870117188,0.000270327553153038,784.5316162109375,185.45867919921875,9.688268619356677e-05,787.1493530273438,187.26011657714844,0.0006461796001531184,814.1004638671875,147.28671264648438,0.0012185826199129224,788.53125,174.67967224121094,0.0037250781897455454,787.1142578125,180.3112335205078,0.14696604013442993,780.220458984375,187.81336975097656,0.862140417098999
329,856.349365234375,105.13764190673828,0.16391423344612122,809.6764526367188,139.06689453125,0.4769950211048126,756.7594604492188,172.0573272705078,0.9997490048408508,816.793212890625,145.06204223632812,0.00014706404181197286,814.6240234375,128.22821044921875,0.00025210209423676133,787.8956909179688,185.81130981445312,4.844888826482929e-05,787.70849609375,187.04457092285156,0.00022146008268464357,813.950927734375,147.06436157226562,0.0022969215642660856,787.9888916015625,174.48016357421875,0.005569470580667257,786.8516235351562,180.50747680664062,0.11099769175052643,780.5014038085938,188.2803955078125,0.8182069659233093
330,855.9456176757812,104.850341796875,0.33949118852615356,809.1616821289062,138.80113220214844,0.7369002103805542,756.3096923828125,171.8758087158203,0.9998254179954529,817.1454467773438,144.70523071289062,0.0004943859530612826,814.7506713867188,128.0947265625,0.0004437672032508999,788.0244140625,185.5146484375,4.59850016341079e-05,768.256103515625,179.09967041015625,0.0003428968193475157,815.2098388671875,145.40138244628906,0.007272183429449797,787.577880859375,173.2176513671875,0.0057627069763839245,786.3358154296875,180.18382263183594,0.09257900714874268,780.8165893554688,188.1374053955078,0.7729873061180115
331,855.5825805664062,104.42010498046875,0.6878506541252136,809.2645874023438,138.48580932617188,0.9028899669647217,756.1554565429688,171.00082397460938,0.9998579025268555,818.1708984375,143.54541015625,0.0007029089028947055,814.8126220703125,128.39988708496094,0.0006205814424902201,769.9757080078125,174.86073303222656,4.497797999647446e-05,768.2175903320312,178.69677734375,0.0003636021865531802,816.0051879882812,144.48220825195312,0.01748158037662506,787.4171142578125,171.9224853515625,0.003382710739970207,785.7455444335938,179.60182189941406,0.08756349980831146,780.4468383789062,187.8119659423828,0.8400534391403198
332,852.3441162109375,105.17652130126953,0.5732059478759766,808.8257446289062,138.0786590576172,0.9353302717208862,756.0316162109375,170.2943115234375,0.9998751878738403,826.1268310546875,136.75521850585938,0.001630032667890191,815.0302734375,127.83186340332031,0.0009136199951171875,769.7261352539062,174.445556640625,5.047692684456706e-05,767.906494140625,178.30458068847656,0.0003713744517881423,815.686767578125,144.212158203125,0.020313873887062073,787.3731689453125,171.2755126953125,0.0030132527463138103,785.49560546875,179.518798828125,0.100237175822258,780.4057006835938,187.7880859375,0.8581923842430115
333,851.2613525390625,102.27188873291016,0.6752026081085205,808.8749389648438,137.3104248046875,0.9448021054267883,756.0084838867188,169.29849243164062,0.9998663663864136,826.3375854492188,136.25909423828125,0.0024513937532901764,814.9049072265625,127.78096771240234,0.0008295797160826623,769.5653076171875,174.2742919921875,5.5909546063048765e-05,767.7440185546875,177.99630737304688,0.0003797820827458054,815.90087890625,143.4927520751953,0.013845172710716724,787.2319946289062,171.0055389404297,0.0025142591912299395,785.4862060546875,179.36605834960938,0.11320804059505463,780.4879760742188,187.81512451171875,0.8468052744865417
334,851.1857299804688,102.09586334228516,0.7100784778594971,809.4105834960938,136.81443786621094,0.9538750648498535,755.619140625,168.32138061523438,0.9998708963394165,826.70751953125,135.42153930664062,0.004851476289331913,814.7841186523438,127.72624206542969,0.0007374394335784018,769.236328125,173.7352752685547,7.613877096446231e-05,767.4055786132812,177.5572509765625,0.00043549685506150126,813.9000854492188,144.7803192138672,0.011002372950315475,787.0419921875,170.58489990234375,0.0014823067467659712,785.2044067382812,179.02127075195312,0.09956701099872589,780.231201171875,187.74365234375,0.8386877775192261
335,851.0548706054688,101.53085327148438,0.5840916037559509,809.72900390625,135.7976531982422,0.9222979545593262,755.7017822265625,167.88668823242188,0.9998626708984375,826.7224731445312,134.3600311279297,0.003913825377821922,814.6983642578125,127.33871459960938,0.0004372506227809936,768.9003295898438,173.472900390625,9.437401604373008e-05,767.3175659179688,177.10728454589844,0.000513767939992249,816.9169921875,142.44479370117188,0.0043506380170583725,773.8564453125,170.38121032714844,0.0017711230320855975,784.9564208984375,178.8955535888672,0.0781981348991394,780.2245483398438,187.69960021972656,0.8550938367843628
336,851.0188598632812,101.09275817871094,0.6250571608543396,810.162109375,135.3644561767578,0.9019651412963867,755.785888671875,167.28965759277344,0.9998804330825806,826.4740600585938,133.92791748046875,0.0027870608028024435,825.604248046875,126.63221740722656,0.0002403933904133737,768.6341552734375,173.11965942382812,0.00012678706843871623,767.2357177734375,176.63461303710938,0.0005528313922695816,816.9893798828125,142.1732940673828,0.003299639094620943,773.5816650390625,170.1438751220703,0.0017848721472546458,784.8787231445312,178.7996063232422,0.06807208061218262,780.0093994140625,187.65191650390625,0.8495208621025085
337,851.0679931640625,100.80268859863281,0.6277802586555481,810.2269897460938,134.36129760742188,0.8645797967910767,755.9522705078125,166.4306182861328,0.9999029636383057,826.2384643554688,133.35189819335938,0.0021022402215749025,825.7047729492188,126.58674621582031,0.00025625748094171286,768.6236572265625,173.29989624023438,0.0001143354456871748,767.2478637695312,176.3416290283203,0.00040872133104130626,817.0097045898438,141.072021484375,0.0015033931704238057,773.6421508789062,170.6002197265625,0.001782929408363998,784.8771362304688,178.8523712158203,0.06770709902048111,780.1258544921875,187.7757568359375,0.8418440222740173
338,851.1611328125,100.43595886230469,0.6290945410728455,810.048828125,133.59127807617188,0.7195014357566833,755.7852172851562,165.7089080810547,0.9999332427978516,826.2022705078125,132.14186096191406,0.0015579040627926588,826.1634521484375,125.94802856445312,0.00028742049471475184,768.635986328125,173.18594360351562,0.00010329283395549282,787.9453125,184.9003143310547,0.0003641511721070856,826.0106201171875,133.35888671875,0.0009184591472148895,773.6436157226562,170.59376525878906,0.0014401293592527509,785.0272216796875,178.9545440673828,0.057600971311330795,780.021728515625,187.64385986328125,0.8172066807746887
339,851.2462768554688,99.92498016357422,0.47641831636428833,809.812255859375,133.141357421875,0.5658921599388123,755.6414794921875,164.98936462402344,0.999942421913147,825.8735961914062,131.57147216796875,0.0010311611695215106,826.3601684570312,126.00064086914062,0.00024806306464597583,768.7305297851562,173.11953735351562,7.57696689106524e-05,793.6926879882812,184.5161895751953,0.0003641535877250135,825.8164672851562,132.7471923828125,0.0009430350037291646,773.7256469726562,170.75831604003906,0.0011846596607938409,785.1654052734375,178.8299560546875,0.05255846679210663,780.0039672851562,187.5970916748047,0.8332143425941467
340,851.6951904296875,99.55672454833984,0.2997738718986511,809.6559448242188,132.71527099609375,0.40293559432029724,755.3430786132812,164.25563049316406,0.9999393224716187,825.8181762695312,131.21795654296875,0.0007022577337920666,826.8062744140625,125.86859130859375,0.0002079798432532698,768.69873046875,172.73353576660156,6.019137435941957e-05,787.958740234375,184.75503540039062,0.000396044400986284,825.8179931640625,132.41433715820312,0.0007810739334672689,773.5513305664062,170.68540954589844,0.00118770741391927,785.146240234375,178.61854553222656,0.0401894748210907,780.0581665039062,187.39730834960938,0.8280213475227356
341,855.2362670898438,98.06674194335938,0.22368718683719635,805.5887451171875,132.5001220703125,0.3946485221385956,755.130126953125,163.5128173828125,0.9999340772628784,825.9561767578125,130.88633728027344,0.0005190141382627189,826.9029541015625,125.8392333984375,0.00015262229135259986,788.5408935546875,184.5266876220703,5.530128692043945e-05,788.1060180664062,184.78671264648438,0.0006292753387242556,784.5910034179688,180.95974731445312,0.000802548776846379,773.605712890625,170.66067504882812,0.0009207503753714263,784.9830322265625,178.44871520996094,0.04092608392238617,779.9474487304688,187.13406372070312,0.8026643395423889
342,855.6525268554688,97.89468383789062,0.17808181047439575,809.6776123046875,131.79598999023438,0.46914419531822205,755.0987548828125,163.11959838867188,0.9999083280563354,825.990234375,130.39125061035156,0.0005443032714538276,827.046875,125.65115356445312,0.00013588050205726177,768.57568359375,172.34300231933594,4.842135967919603e-05,788.0445556640625,184.67735290527344,0.0005746355163864791,825.7334594726562,132.22946166992188,0.0010983479442074895,773.33642578125,170.62066650390625,0.000953243812546134,785.0006103515625,178.40135192871094,0.037429288029670715,779.7781982421875,187.03424072265625,0.8047236800193787
343,854.9949951171875,94.82992553710938,0.21391353011131287,810.8450317382812,129.8006591796875,0.434762567281723,754.8502807617188,162.30418395996094,0.9998795986175537,825.7737426757812,129.90045166015625,0.00034051958937197924,826.6170043945312,125.35448455810547,8.508921746397391e-05,-6.746642112731934,170.81332397460938,4.3342919525457546e-05,788.0421752929688,184.5572052001953,0.000520325789693743,825.5655517578125,131.8843994140625,0.0010287611512467265,773.2485961914062,170.6712188720703,0.0007204575231298804,784.7279052734375,178.2930145263672,0.039203573018312454,779.714599609375,186.75682067871094,0.8183150291442871
344,855.7000122070312,94.61056518554688,0.29525014758110046,810.7177734375,129.6297149658203,0.517531156539917,754.5671997070312,161.26051330566406,0.9998206496238708,825.435546875,129.8397216796875,0.000318819482345134,826.25390625,125.27040100097656,7.149751763790846e-05,768.3124389648438,158.5478515625,4.8205321945715696e-05,787.9827880859375,184.2601318359375,0.0005433057667687535,825.1649780273438,131.80807495117188,0.0010802482720464468,773.3088989257812,170.43115234375,0.0005791161092929542,784.7289428710938,178.29530334472656,0.05087778717279434,777.9896240234375,184.2364044189453,0.8558712601661682
345,855.9030151367188,94.51065063476562,0.33820199966430664,810.6704711914062,129.33042907714844,0.4655647873878479,754.2772216796875,160.4424591064453,0.9998121857643127,784.1387329101562,183.19790649414062,0.00018794806965161115,783.00634765625,184.4893798828125,6.786421727156267e-05,768.5278930664062,158.60003662109375,6.578436295967549e-05,787.9968872070312,183.93179321289062,0.0007695000967942178,784.3367919921875,180.98703002929688,0.0010237455135211349,773.4671020507812,170.1370391845703,0.0006575226434506476,784.6865234375,178.2806396484375,0.06755367666482925,778.1714477539062,184.00204467773438,0.8641543984413147
346,856.4716186523438,94.63284301757812,0.25710535049438477,810.7789306640625,129.00770568847656,0.41671010851860046,754.088134765625,159.62576293945312,0.9996397495269775,784.1483154296875,183.23367309570312,0.00020553905051201582,783.0960693359375,184.47091674804688,7.343557081185281e-05,768.476806640625,158.49696350097656,5.151442746864632e-05,788.1449584960938,183.89405822753906,0.0007918744231574237,784.3848266601562,181.08914184570312,0.0010614586062729359,783.0909423828125,183.0210418701172,0.00045795628102496266,784.796630859375,178.23780822753906,0.07399319857358932,778.1873168945312,183.9105224609375,0.8664463758468628
347,856.1287231445312,94.65042114257812,0.2376113384962082,810.6754150390625,128.92909240722656,0.44023290276527405,753.87646484375,159.0469970703125,0.9997077584266663,784.10546875,183.1846923828125,0.00019850987882819027,783.2750244140625,184.18551635742188,8.954739314503968e-05,768.5136108398438,158.26800537109375,5.224728738539852e-05,788.2181396484375,183.59475708007812,0.0009659366915002465,816.775146484375,138.57810974121094,0.0012260011862963438,782.951416015625,182.79563903808594,0.0005521939019672573,784.5806884765625,178.07191467285156,0.09853997826576233,778.3563842773438,183.73887634277344,0.8756030201911926
348,856.044677734375,94.26988220214844,0.2542955279350281,810.3929443359375,128.66928100585938,0.4341549277305603,753.6954956054688,158.56930541992188,0.999760091304779,784.1279907226562,183.36984252929688,0.00020634887914638966,783.3092041015625,184.20448303222656,8.808510028757155e-05,788.4132690429688,183.4088897705078,5.2576109737856314e-05,788.17919921875,183.34864807128906,0.0010545834666118026,816.4970092773438,138.5952606201172,0.0022900814656168222,784.9799194335938,176.12391662597656,0.0005644166958518326,784.3893432617188,178.07017517089844,0.1249743327498436,778.1422729492188,183.732421875,0.8855863809585571
349,856.121826171875,94.07426452636719,0.2619212567806244,810.7189331054688,128.3877716064453,0.43924418091773987,753.620361328125,157.84410095214844,0.9997748732566833,784.22998046875,183.68185424804688,0.00021710657165385783,783.265869140625,184.4852752685547,8.908542804419994e-05,751.5739135742188,157.7703857421875,4.7207216994138435e-05,788.1759033203125,183.22865295410156,0.0008543683798052371,816.7381591796875,138.444091796875,0.001995005877688527,783.1051025390625,182.99288940429688,0.0005060868570581079,784.58349609375,178.05825805664062,0.12202896922826767,777.9734497070312,183.7172393798828,0.9107939600944519
350,856.2465209960938,93.97405242919922,0.24987319111824036,810.9446411132812,128.08697509765625,0.47691649198532104,753.5068969726562,156.9600067138672,0.9997878670692444,784.2374267578125,183.7587432861328,0.0002550886129029095,783.1839599609375,184.62612915039062,8.689059905009344e-05,751.4214477539062,157.4592742919922,5.157159466762096e-05,788.0631103515625,183.33961486816406,0.0007711550570093095,817.1309204101562,138.6681671142578,0.001855857321061194,783.314697265625,183.26873779296875,0.0004706920590251684,784.6884155273438,178.28221130371094,0.1377618908882141,777.8270874023438,183.9494171142578,0.9185690879821777
351,856.1268310546875,94.04376220703125,0.2051597684621811,811.2100830078125,127.65997314453125,0.5068744421005249,753.4912109375,156.4363555908203,0.9997231364250183,784.154052734375,183.9747314453125,0.0003275795897934586,783.1007080078125,184.6414031982422,0.00010224222205579281,788.223388671875,183.6780242919922,5.076172965345904e-05,784.2106323242188,184.21044921875,0.0007729771314188838,817.1517944335938,138.78707885742188,0.0019058154430240393,783.2360229492188,183.2207794189453,0.00042743212543427944,784.7511596679688,178.2151641845703,0.14417973160743713,778.0137329101562,183.8744659423828,0.923078715801239
352,856.3173828125,94.09646606445312,0.18217846751213074,811.36328125,127.25613403320312,0.460563600063324,753.5245971679688,155.83377075195312,0.9997411370277405,784.2552490234375,184.2444610595703,0.00035165308509022,783.0797119140625,184.87179565429688,9.977710578823462e-05,751.0796508789062,157.0500946044922,5.461781256599352e-05,784.20703125,184.24021911621094,0.0007505968096666038,784.325927734375,182.1278533935547,0.001449539908207953,783.4110107421875,183.4107666015625,0.00036359872319735587,784.8873291015625,178.207275390625,0.0985737293958664,777.8717041015625,183.81756591796875,0.9072064757347107
353,856.6287841796875,93.89985656738281,0.17898617684841156,811.1669311523438,127.11495208740234,0.4518136978149414,753.522705078125,155.4100799560547,0.9997784495353699,784.3113403320312,184.2548828125,0.0003915480338037014,783.1262817382812,184.8946533203125,0.000101788122265134,751.1183471679688,156.83316040039062,6.733683403581381e-05,784.2516479492188,184.3830108642578,0.0008182653109543025,817.2656860351562,138.6244354248047,0.001797728007659316,783.5028076171875,183.5074920654297,0.0003629158018156886,784.906005859375,178.1841278076172,0.10899053514003754,777.8303833007812,183.87924194335938,0.9026846885681152
354,857.041748046875,93.97633361816406,0.21041136980056763,811.3055419921875,126.98570251464844,0.5105639696121216,753.6531372070312,154.77545166015625,0.9997896552085876,784.4058227539062,184.46511840820312,0.00037197009078226984,783.1005859375,185.0180206298828,8.645742491353303e-05,751.0682983398438,156.6004180908203,6.934862904017791e-05,784.3690795898438,184.18179321289062,0.0007131745223887265,817.61376953125,138.58888244628906,0.001658894936554134,783.7003784179688,183.55624389648438,0.0002672900736797601,785.0086669921875,178.00991821289062,0.09521851688623428,777.5464477539062,183.8032684326172,0.901661217212677
355,861.0783081054688,92.76839447021484,0.23656660318374634,811.1517333984375,126.64334106445312,0.5767418742179871,753.7550048828125,154.20167541503906,0.9997879862785339,784.4866333007812,184.66461181640625,0.00036779287620447576,783.12255859375,185.2532196044922,8.135073585435748e-05,751.0255126953125,156.50311279296875,7.678676774958149e-05,784.4833984375,184.30126953125,0.0007052606670185924,817.5004272460938,138.442138671875,0.0022397637367248535,811.623779296875,143.8087921142578,0.0002944468578789383,785.0595703125,177.9654998779297,0.09176723659038544,777.4962768554688,183.78082275390625,0.8888306617736816
356,861.4717407226562,92.49897003173828,0.2992344796657562,810.9913330078125,126.73612213134766,0.5134955048561096,753.9771118164062,153.4261016845703,0.9997586607933044,784.7283325195312,184.77493286132812,0.00037933411658741534,783.1613159179688,185.528076171875,7.687739707762375e-05,750.9763793945312,156.2938232421875,7.687732431804761e-05,784.4226684570312,184.65968322753906,0.0006053535616956651,817.5887451171875,138.19003295898438,0.002621659077703953,811.826171875,143.77378845214844,0.0005256384611129761,785.1000366210938,178.02952575683594,0.08615241199731827,777.350341796875,183.93484497070312,0.8803070783615112
357,857.4708251953125,93.39872741699219,0.2960030436515808,810.882080078125,127.02490234375,0.5250902771949768,753.99462890625,152.7947235107422,0.9998169541358948,784.7332153320312,184.6746368408203,0.0003888751089107245,783.3438720703125,185.24098205566406,8.459779928671196e-05,751.1742553710938,156.05841064453125,8.221569441957399e-05,784.7142944335938,184.41030883789062,0.0006894462858326733,817.5977172851562,138.05770874023438,0.00478956988081336,811.8353271484375,143.98001098632812,0.0009090777020901442,785.1600341796875,177.77024841308594,0.1290314942598343,777.6472778320312,183.8342742919922,0.8990086317062378
358,861.4882202148438,92.87007904052734,0.3347199559211731,810.9578857421875,127.14698791503906,0.6452693939208984,754.2084350585938,152.2406768798828,0.9998319149017334,784.8988037109375,184.6967010498047,0.0004017440660391003,783.283447265625,185.3702392578125,7.534880569437519e-05,751.1646118164062,155.89889526367188,7.542076491517946e-05,784.6168212890625,184.48910522460938,0.0006496105925180018,817.5733032226562,138.0473175048828,0.006485390476882458,811.4022216796875,144.2074737548828,0.00107234762981534,785.1279296875,177.82553100585938,0.12792563438415527,777.4471435546875,183.91546630859375,0.8919363617897034
